File Name,Site,"Style (1, 2, 3, 4)",Layers,Caroline's Style,Divided Panels,"Red (0=no, 1=yes)","Yellow (0=no, 1=yes)","Blue (0=no, 1=yes)","Purple (0=no, 1=yes)","Green (0=no, 1=yes)","White (0=no, 1=yes)","Black (0=no, 1=yes)","Orange (0=no, 1=yes)","Iconography (0=no, 1=yes)",Figural Detail,Mythic Figure,Cannot ID,Ariadne,Bacchus,Nile,Roma,Erotes,Ixion,Maenad,Muse,Hercules,Silenus,Venus,Apollo,Satyr,Figural Roundel,Food,Theatre,Bacchic,Animal,Sacro-Idyllic,Bird,Cupid,"Imitative Marble (0 = no, 1 = yes, 2 = uncertain)","Column (0 = no, 1 = yes, 2 = uncertain)","Dado (0 = no, 1 = yes, 2 = uncertain)","Filigree (0 = no, 1 = yes, 2 = uncertain)","Egg/Dart (0 = no, 1 = yes, 2 = uncertain)","Garland (0 = no, 1 = yes, 2 = uncertain)","Gate or Door (0 = no, 1 = yes, 2 = uncertain)",Shield,,,,,,,,,,,,,,,,,,,,
_113_G_Abbate_Casa_del_Poeta_Tragico_Back_north_wall_triclinium,Pompeii,4,4,4,5,1,1,1,1,1,1,1,1,1,1,1,1,0,0,0,0,0,0,0,0,0,0,0,0,0,0,0,0,0,1,1,1,0,0,1,1,1,1,1,1,1,,,,,,,,,,,,,,,,,,,,
_120_G_Abbate_Casa_dei_Dioscuri_cubiculum,Pompeii,4,3,4,3,1,1,1,1,1,1,1,1,1,1,1,0,0,0,0,1,0,0,0,0,0,0,0,0,0,0,0,0,0,1,0,0,0,0,1,1,1,0,1,0,0,,,,,,,,,,,,,,,,,,,,
_153_G_Abbate_Casa_di_Sirico_Triclinium_front_part,Pompeii,4,3,4,3,1,1,1,0,1,1,1,1,1,1,1,0,0,1,0,0,0,0,0,0,0,0,0,0,0,0,1,0,1,1,0,1,1,0,1,1,1,0,0,1,1,,,,,,,,,,,,,,,,,,,,
_177_G_Abbate_Casa_di_Marco_Lucrezio_Cubiculum_beside_atrium_north_wall,Pompeii,4,3,4,3,1,1,1,0,1,1,1,1,1,1,1,1,0,0,0,0,0,0,0,0,0,0,0,0,0,0,0,0,0,1,1,1,1,0,1,1,1,0,1,0,1,,,,,,,,,,,,,,,,,,,,
_183_G_Abbate_Casa_di_Marco_Lucrezio_triclinium_east_wall,Pompeii,4,3,4,5,1,1,1,1,1,1,1,1,1,1,1,0,0,1,0,0,0,0,0,0,0,0,0,0,0,0,1,1,1,1,0,1,1,0,1,1,1,0,0,0,0,,,,,,,,,,,,,,,,,,,,
_228_A_Carli_Villa_di_Diomede_room_42,Pompeii,4,3,4,3,1,1,1,0,1,1,1,1,1,0,0,0,0,0,0,0,0,0,0,0,0,0,0,0,0,0,0,0,0,1,0,1,0,0,1,1,1,1,1,1,1,,,,,,,,,,,,,,,,,,,,
_268_sides_A_Carli_Casa_di_Modesto_tablinum_or_Regio_VI_Insula_occidentalis-1,Pompeii,4,4,4,7,1,1,1,1,1,1,1,1,1,1,1,1,0,0,0,0,0,0,0,0,0,0,0,0,0,0,0,0,0,1,0,1,0,0,1,1,1,1,1,1,1,,,,,,,,,,,,,,,,,,,,
_299_V_Loria_Casa_del_Gallo_middle_part_south_wall_cubiculum,Pompeii,4,3,3,3,1,1,1,0,1,1,1,1,1,1,1,1,0,0,0,0,0,0,0,0,0,0,0,0,0,0,0,0,0,1,0,1,0,0,1,1,1,1,0,0,0,,,,,,,,,,,,,,,,,,,,
_302_V_Loria_origin_unknown,Pompeii,3,3,3,3,1,1,1,0,1,1,1,1,1,0,0,0,0,0,0,0,0,0,0,0,0,0,0,0,0,0,0,0,0,0,1,0,0,0,0,1,1,0,1,0,1,,,,,,,,,,,,,,,,,,,,
_303_V_Loria_Casa_del_Labirinto_caldarium,Pompeii,3,3,3,3,1,1,1,0,1,1,1,0,1,1,0,0,0,0,0,0,0,0,0,0,0,0,0,0,0,0,1,0,0,0,0,0,0,0,1,1,1,0,1,1,0,,,,,,,,,,,,,,,,,,,,
_315_V_Loria_Casa_della_Caccia_antica_room_beside_peristyle_south_wall,Pompeii,4,4,4,3,1,1,1,1,1,1,1,1,1,1,1,1,0,0,0,0,0,0,0,0,0,0,0,0,0,0,0,0,0,1,0,0,0,0,1,1,1,1,0,1,0,,,,,,,,,,,,,,,,,,,,
_323_V_Loria_Casa_di_Laocoonte_detail_atrium_south_wall,Pompeii,3,4,4,5,1,1,1,1,1,1,1,1,1,1,1,1,0,0,0,0,0,0,0,0,0,0,0,0,0,0,0,0,0,0,0,0,0,0,1,1,1,0,1,0,0,,,,,,,,,,,,,,,,,,,,
_339_V_Loria_Casa_della_fontana_piccola_tablinum_west_wall,Pompeii,4,3,3,3,1,1,1,1,1,1,1,1,1,0,1,1,0,0,0,0,0,0,0,0,0,0,0,0,0,0,0,0,0,1,0,1,0,0,1,1,1,1,1,0,1,,,,,,,,,,,,,,,,,,,,
_350_V_Loria_Casa_IX_5_6_17_tablinum_middle_section_east_wall,Pompeii,4,4,3,5,1,1,0,0,1,1,1,1,1,1,1,1,0,0,0,0,0,0,0,0,0,0,0,0,0,0,0,0,0,0,0,0,0,0,1,1,1,1,1,1,0,,,,,,,,,,,,,,,,,,,,
_388_sides_V_Loria_Casa_della_Fortuna_oecus_west_wall_middle_section-1,Pompeii,4,3,4,5,1,1,1,1,1,1,1,1,1,1,1,1,0,0,0,0,0,0,0,0,0,0,0,0,0,0,1,0,0,1,1,1,0,0,1,1,1,1,0,1,0,,,,,,,,,,,,,,,,,,,,
_388_sides_V_Loria_Casa_della_Fortuna_oecus_west_wall_middle_section-2,Pompeii,4,3,4,5,1,1,1,0,1,1,1,1,1,1,1,1,0,0,0,0,0,0,0,0,0,0,0,0,0,0,1,0,0,1,0,1,0,0,1,1,1,1,1,0,0,,,,,,,,,,,,,,,,,,,,
_422_G_Discanno_Villa_di_Diomede_detail_caldarium,Pompeii,4,3,3,3,1,1,0,0,1,1,1,1,1,1,1,0,0,0,0,0,0,0,0,0,1,0,0,0,0,0,1,1,1,1,0,1,1,0,1,1,1,0,1,1,1,,,,,,,,,,,,,,,,,,,,
_43_Jules_Frederic_Bouchet_Cassa_del_Poeta_tragico_triclinium_north_wall_purchase_of_erotes,Pompeii,4,4,4,5,1,1,1,1,1,1,1,1,1,1,1,0,0,0,0,0,1,0,0,0,0,0,0,0,0,0,0,0,0,1,1,0,1,0,1,1,1,0,1,1,0,,,,,,,,,,,,,,,,,,,,
_432_sides_G_Discanno_no_location_compilation-1,Pompeii,4,4,4,5,1,1,1,1,1,1,1,1,1,1,1,1,0,0,0,0,0,0,0,0,0,0,0,0,0,0,0,0,0,1,1,1,1,0,1,1,1,1,1,1,0,,,,,,,,,,,,,,,,,,,,
_444_V_Mollame_Scavo_del_Principe_di_Montenegro,Pompeii,3,4,3,3,1,1,1,0,1,1,1,1,1,1,1,1,0,0,0,0,0,0,0,0,0,0,0,0,0,0,0,0,0,1,0,1,0,0,1,1,1,0,1,0,0,,,,,,,,,,,,,,,,,,,,
_445_V_Mollame_Accademia_di_Musica_triclinium_middle_section,Pompeii,3,4,4,3,1,1,1,0,1,1,1,1,1,1,1,1,0,0,0,0,0,0,0,0,0,0,0,0,0,0,0,0,0,0,0,0,1,0,1,1,1,1,0,0,0,,,,,,,,,,,,,,,,,,,,
_449_D_Capri_Casa_di_Epidius_Sabinus,Pompeii,3,3,3,,1,1,1,0,1,1,1,1,1,0,0,0,0,0,0,0,0,0,0,0,0,0,0,0,0,0,0,0,0,0,0,0,1,0,1,1,1,0,0,0,0,,,,,,,,,,,,,,,,,,,,
_450_A_Magliano_Casa_degli_Epigrammi_greci_triclinium,Pompeii,2,3,3,3,0,0,0,0,0,0,0,1,1,0,0,0,0,0,0,0,0,0,0,0,0,0,0,0,0,0,0,0,0,0,0,1,0,1,1,1,1,1,1,0,0,,,,,,,,,,,,,,,,,,,,
_457_A_Magliano_Casa_IX_5_11_13,Pompeii,4,5,4,5,1,1,0,0,1,1,0,1,1,1,1,1,0,0,0,0,0,0,0,0,0,0,0,0,0,0,0,0,0,1,0,1,0,0,0,1,1,1,1,1,0,,,,,,,,,,,,,,,,,,,,
_467_A_Magliano_Casa_dei_Capitelli_colorati_tablinum,Pompeii,4,3,3,3,1,1,1,0,1,1,0,1,1,0,0,0,0,0,0,0,0,0,0,0,0,0,0,0,0,0,0,0,0,1,1,1,0,0,1,1,1,0,1,1,1,,,,,,,,,,,,,,,,,,,,
_485_V_Loria_upper_Casa_di_Sallustio_cubiculum_lower_Fullonica,Pompeii,2,3,3,5,1,1,0,0,0,1,0,0,1,0,0,0,0,0,0,0,0,0,0,0,0,0,0,0,0,0,0,0,0,0,1,0,0,1,1,1,1,0,0,1,0,,,,,,,,,,,,,,,,,,,,
_50_Vincenzio_Loria_Casa_dei_Vettii_Punishment_of_Ixion,Pompeii,4,4,4,3,1,1,1,0,1,1,1,1,1,1,1,0,0,0,0,0,0,1,0,0,0,0,0,0,0,0,1,1,0,1,0,0,0,1,1,1,1,1,1,1,1,,,,,,,,,,,,,,,,,,,,
_501_V_Loria_Casa_IX_5_11_13_atrium-2,Pompeii,4,4,4,5,1,1,1,1,1,1,1,1,1,1,1,0,0,0,0,0,0,0,0,0,0,0,1,0,0,0,1,1,0,0,0,0,0,0,1,1,1,0,1,1,1,,,,,,,,,,,,,,,,,,,,
_505_V_Loria_Casa_di_Laocoonte,Pompeii,2,3,2,3,1,1,1,0,1,1,1,1,1,0,0,0,0,0,0,0,0,0,0,0,0,0,0,0,0,0,0,1,1,1,0,0,0,0,1,1,1,0,0,0,0,,,,,,,,,,,,,,,,,,,,
_510_G_Discanno_Fabbrica_di_Prodotti_chimici_garden_courtyard,Pompeii,2,3,2,4,1,1,1,0,0,0,1,0,0,0,0,0,0,0,0,0,0,0,0,0,0,0,0,0,0,0,0,0,0,0,0,0,,0,1,0,0,0,0,0,0,,,,,,,,,,,,,,,,,,,,
_511_V_Loria_Casa_del_Centenario_triclinium_north_wall,Pompeii,4,3,3,3,1,1,1,0,1,1,1,1,1,1,1,0,0,0,0,0,0,0,1,0,0,0,0,0,0,0,0,0,1,1,0,1,1,0,1,1,1,0,1,0,1,,,,,,,,,,,,,,,,,,,,
_579_G_Discanno_Terme_del_Sarno,Pompeii,4,4,3,3,1,1,1,1,1,1,1,1,1,1,1,1,0,0,0,0,0,0,0,0,0,0,0,0,0,1,0,0,0,1,1,0,0,0,1,1,1,1,1,1,0,,,,,,,,,,,,,,,,,,,,
_582_sides_G_Discanno_Casa_VIII_2_23_24_palaestra_ground_floor_east_wall-1,Pompeii,4,6,,7,1,1,1,1,1,1,1,1,1,1,1,1,0,0,0,0,0,0,0,0,0,0,0,0,0,0,0,0,0,1,0,0,0,0,1,1,1,0,0,1,0,,,,,,,,,,,,,,,,,,,,
_582_sides_G_Discanno_Casa_VIII_2_23_24_palaestra_ground_floor_east_wall-2,Pompeii,4,6,,7,1,1,1,1,1,1,1,1,1,1,1,1,0,0,0,0,0,0,0,0,0,0,0,0,0,0,0,0,0,1,0,0,0,0,1,1,1,0,0,1,0,,,,,,,,,,,,,,,,,,,,
_584_G_Discanno_Casa_VIII_2_23_24_palaestra_south_wall,Pompeii,4,7,,9,1,1,1,0,1,1,1,1,1,1,1,1,0,0,0,0,0,0,0,0,0,0,0,0,0,0,0,1,1,1,0,0,1,0,1,1,0,0,0,1,0,,,,,,,,,,,,,,,,,,,,
_585_C_de_Simone_Casa_di_Sulpicius_Rufus_cubiculum_west_wall,Pompeii,3,3,,3,1,0,1,0,1,1,1,1,1,1,1,1,0,0,0,0,0,0,0,0,0,0,0,0,0,0,0,1,1,1,0,1,1,0,1,1,1,0,1,0,1,,,,,,,,,,,,,,,,,,,,
_589_G_Discanno_Casa_di_Sulpicius_Rufus_cubiculum,Pompeii,2,3,,3,1,1,1,0,1,1,1,1,1,0,1,0,0,0,0,0,0,0,0,0,0,0,0,1,0,1,1,1,0,0,0,1,0,0,1,1,1,0,1,0,0,,,,,,,,,,,,,,,,,,,,
_593_G_Discanno_Terme_del_Sarno_third_lower_story_frigidarium_back_wall,Pompeii,4,4,,3,1,1,1,0,1,1,1,1,1,1,1,0,0,0,1,0,0,0,0,0,0,0,0,0,0,0,0,0,0,1,0,0,0,0,0,1,1,1,1,1,0,,,,,,,,,,,,,,,,,,,,
_594_C_de_Simone_Casa_delle_Nozze_d_Argento_room_beside_peristyle_west_wall,Pompeii,2,3,,3,1,1,1,1,1,1,0,1,1,1,0,0,0,0,0,0,0,0,0,0,0,0,0,0,0,0,0,0,1,0,0,0,0,1,1,1,0,1,1,0,0,,,,,,,,,,,,,,,,,,,,
_595_C_de_Simone_Casa_delle_Nozze_d_Argento_cubiculum_rear_wall,Pompeii,2,3,,3,1,1,1,0,1,1,1,0,0,0,0,0,0,0,0,0,0,0,0,0,0,0,0,0,0,0,0,0,0,0,0,0,0,1,1,1,1,0,0,0,0,,,,,,,,,,,,,,,,,,,,
_596_sides_C_de_Simone_Casa_di_Sulpicius_Rufus_triclinium_south_wall-1,Pompeii,4,4,,3,1,1,1,1,1,1,1,1,1,1,1,1,0,0,0,0,0,0,0,0,0,0,0,0,0,0,0,0,0,1,0,1,1,0,1,1,1,1,0,1,1,,,,,,,,,,,,,,,,,,,,
_598_C_de_Simone_Casa_delle_Nozze_d_Argento_room_beside_peristyle_south_wall,Pompeii,2,3,,3,1,1,1,1,1,1,1,0,0,0,0,0,0,0,0,0,0,0,0,0,0,0,0,0,0,0,0,0,0,0,0,0,0,1,1,1,0,0,0,0,0,,,,,,,,,,,,,,,,,,,,
_599_C_de_Simone_Casa_di_Sulpicius_Rufus_triclinium_west_wall,Pompeii,4,4,,3,1,1,1,1,1,1,1,1,1,1,1,1,0,0,0,0,0,0,0,0,0,0,0,0,0,0,0,1,0,0,0,1,0,0,1,1,1,1,1,0,0,,,,,,,,,,,,,,,,,,,,
_600_sides_C_de_Simone_Casa_delle_Nozz_d_Argento_triclinium_south_wall-1,Pompeii,4,3,,3,1,1,1,1,1,1,1,1,1,1,1,1,0,0,0,0,0,0,0,0,0,0,0,0,0,0,0,0,1,1,1,1,0,0,1,1,1,1,1,1,0,,,,,,,,,,,,,,,,,,,,
_600_sides_C_de_Simone_Casa_delle_Nozz_d_Argento_triclinium_south_wall-2,Pompeii,4,3,,3,1,1,1,1,1,1,1,1,1,1,1,1,0,0,0,0,0,0,0,0,0,0,0,0,0,0,0,0,1,1,1,1,0,0,1,1,1,1,1,1,0,,,,,,,,,,,,,,,,,,,,
_606_C_de_Simone_Casa_dei_Vetti_triclinium_north_wall,Pompeii,4,3,,5,1,1,1,1,1,1,1,1,1,1,1,1,0,0,0,0,0,0,0,0,0,0,0,0,0,0,0,0,0,0,0,0,0,0,1,1,1,0,0,0,0,,,,,,,,,,,,,,,,,,,,
_608_C_de_Simone_Casa_dei_Vetti_triclinium_south_wall_611_C_de_Simone_Casa_dei_Vetti_oecus_south_wall-1,Pompeii,4,3,,3,1,1,1,1,1,1,1,1,1,1,1,1,0,0,0,0,0,0,0,0,0,0,0,0,0,0,0,0,1,1,0,0,0,0,1,1,1,1,1,1,1,,,,,,,,,,,,,,,,,,,,
_608_C_de_Simone_Casa_dei_Vetti_triclinium_south_wall_611_C_de_Simone_Casa_dei_Vetti_oecus_south_wall-2,Pompeii,4,3,,5,1,1,1,0,1,1,1,1,1,1,1,1,0,0,0,0,0,0,0,0,0,0,0,0,0,1,1,1,1,1,0,0,1,0,1,1,1,1,1,1,0,,,,,,,,,,,,,,,,,,,,
_610_C_de_Simone_CasA_dei_Vetti_triclinium_rear_wall,Pompeii,4,5,,3,1,1,1,1,1,1,1,1,1,1,1,1,0,0,0,0,0,0,0,0,0,0,0,0,0,0,0,0,0,1,0,0,1,1,1,1,1,1,0,1,0,,,,,,,,,,,,,,,,,,,,
_618_sides_C_de_Simone_Casa_dei_Vetti_triclinium_south_wall-1,Pompeii,4,4,,5,1,1,1,0,1,1,1,1,1,1,1,0,1,0,0,0,0,0,0,0,0,0,0,0,0,0,0,0,0,0,0,0,0,1,1,1,1,1,1,1,0,,,,,,,,,,,,,,,,,,,,
_618_sides_C_de_Simone_Casa_dei_Vetti_triclinium_south_wall-2,Pompeii,4,4,,5,1,1,1,0,1,1,1,1,1,1,1,0,1,0,0,0,0,0,0,0,0,0,0,0,0,0,0,0,0,0,0,0,0,1,1,1,1,1,1,1,0,,,,,,,,,,,,,,,,,,,,
1024px-Villa-dei-misteri-pannel.jp,Pompeii,2,3,,6,1,1,1,1,1,1,1,1,1,1,1,0,0,0,0,0,0,0,0,0,0,0,0,0,1,0,1,0,1,1,0,0,0,1,1,1,0,0,0,0,0,,,,,,,,,,,,,,,,,,,,
20872310539_359f444ebe_b,Rome,2,2,,2,1,1,1,1,0,1,1,0,1,1,0,0,0,0,0,0,0,0,0,0,0,0,0,0,0,0,0,0,0,0,0,0,1,1,1,1,0,0,0,0,0,,,,,,,,,,,,,,,,,,,,
34210b885cd6c99c8a7732b9558d2a0aedd845d4,Boscoreale,2,4,,3,1,1,1,1,1,1,1,0,1,1,1,0,0,0,0,0,0,0,0,0,0,0,1,0,0,0,1,1,0,0,1,0,0,1,1,1,1,0,0,1,1,,,,,,,,,,,,,,,,,,,,
739cf6d25d964eed62be54661102f387,Rome,3,3,,3,1,1,1,1,0,1,1,1,1,1,1,1,0,0,0,0,0,0,0,0,0,0,0,0,0,0,0,1,0,0,1,0,0,1,1,1,1,0,0,0,0,,,,,,,,,,,,,,,,,,,,
93d3b9865d7175de3fd6c88a6d2abbaa74be012d,Boscoreale,2,3,,2,1,1,1,1,1,0,1,0,1,0,0,0,0,0,0,0,0,0,0,0,0,0,0,0,0,0,1,0,0,0,1,0,0,1,1,1,1,0,0,1,0,,,,,,,,,,,,,,,,,,,,
Augustus-3,Rome,2,3,,3,1,1,1,1,0,1,0,0,1,1,1,1,0,0,0,0,0,0,0,0,0,0,0,0,0,0,0,0,0,0,0,0,0,0,1,1,0,0,0,0,0,,,,,,,,,,,,,,,,,,,,
b00e04fe879b16e411e65831cf206eaec43353f0 (1),Rome,3,2,,2,1,1,0,1,1,1,0,0,1,1,1,1,0,0,0,0,0,0,0,0,0,0,0,0,0,0,0,0,0,1,1,0,0,0,1,2,1,0,1,0,0,,,,,,,,,,,,,,,,,,,,
b912dd6c9bf57c9944e297da7bc3a2d8,Boscoreale,2,4,,3,1,1,1,1,1,1,1,0,1,1,1,0,0,0,0,0,0,0,0,0,0,0,1,0,0,0,1,1,0,0,1,0,0,1,1,1,1,0,0,1,1,,,,,,,,,,,,,,,,,,,,
Casa sannitica,Herculaneum,1,2,,,1,1,0,1,0,1,0,0,0,0,0,0,0,0,0,0,0,0,0,0,0,0,0,0,0,0,0,0,0,0,0,0,0,1,2,2,2,0,0,0,0,,,,,,,,,,,,,,,,,,,,
casa-augusto-livia--644x362,Rome,2,3,,5,1,1,1,1,1,1,1,1,1,0,0,0,0,0,0,0,0,0,0,0,0,0,0,0,0,0,0,0,0,0,1,0,0,0,1,1,1,0,0,0,0,,,,,,,,,,,,,,,,,,,,
casa-di-Livia-foto-di-insieme-1,Rome,2,3,,5,1,1,1,0,0,1,1,1,1,1,1,1,0,0,0,0,0,0,0,0,0,0,0,0,0,0,0,0,0,1,1,1,1,1,1,1,1,0,0,0,0,,,,,,,,,,,,,,,,,,,,
Cubiculum_(bedroom)_from_the_Villa_of_P._Fannius_Synistor_at_Boscoreale_MET_DP170950,Boscoreale,2,4,,3,1,1,1,1,1,1,1,0,1,1,1,0,0,0,0,0,0,0,0,0,0,0,1,0,0,0,1,1,0,0,1,0,0,1,1,1,1,0,0,1,1,,,,,,,,,,,,,,,,,,,,
e3f6c734697c5839c3ef951dca6ecfc9,Pompeii,2,3,,6,1,1,1,1,1,1,1,1,1,1,1,0,0,0,0,0,0,0,0,0,0,0,0,0,1,0,1,0,1,1,0,0,0,1,1,1,0,0,0,0,0,,,,,,,,,,,,,,,,,,,,
eb2c6d3ff059216ac33b6d886a7e244c,NA,3,2,,3,0,1,0,0,0,1,1,0,0,0,0,0,0,0,0,0,0,0,0,0,0,0,0,0,0,0,1,0,0,0,0,0,0,0,1,1,1,0,0,0,0,,,,,,,,,,,,,,,,,,,,
"Fresco on a wall in Villa di Arianna at the ancient Stabiae, the modern Castellammare di Stabia in Campania, Italy",Stabiae,2,2,,4,1,1,0,1,1,1,0,0,0,0,0,0,0,0,0,0,0,0,0,0,0,0,0,0,0,0,0,0,0,0,0,0,0,1,1,2,0,1,0,0,0,,,,,,,,,,,,,,,,,,,,
hb_03.14.4,Rome,2,2,,6,1,1,0,1,1,1,1,0,1,0,1,0,0,0,0,0,0,0,0,0,0,1,0,0,0,0,1,1,1,1,0,0,0,1,1,2,1,1,1,0,0,,,,,,,,,,,,,,,,,,,,
"hb_20.192.1-.8,.10,.11",NA,3,2,,3,0,1,0,0,0,1,1,0,0,0,0,0,0,0,0,0,0,0,0,0,0,0,0,0,0,0,1,0,0,0,0,0,0,0,1,1,1,0,0,0,0,,,,,,,,,,,,,,,,,,,,
House_of_the_Faun_1,Pompeii,1,1,,,1,1,0,1,0,1,0,0,0,0,0,0,0,0,0,0,0,0,0,0,0,0,0,0,0,0,0,0,0,0,0,0,0,1,0,0,0,0,0,0,0,,,,,,,,,,,,,,,,,,,,
House_of_the_Faun_2,Pompeii,1,1,,3,1,1,1,1,0,0,0,0,0,0,0,0,0,0,0,0,0,0,0,0,0,0,0,0,0,0,0,0,0,0,0,0,0,2,0,2,2,0,0,0,0,,,,,,,,,,,,,,,,,,,,
House_of_the_Tragic_Poet_Amazon_Bedroom_EastWall_pg26,Pompeii,4,3,,5,1,1,1,0,1,1,0,1,1,1,1,1,0,0,0,0,0,0,0,0,0,0,0,0,0,0,0,0,0,1,0,0,1,0,1,1,1,1,1,1,0,,,,,,,,,,,,,,,,,,,,
House_of_the_Tragic_Poet_NorthTriclinium_pg32,Pompeii,4,3,,5,1,1,1,1,1,1,1,1,1,1,1,1,0,0,0,0,0,0,0,0,0,0,0,0,0,0,0,0,0,1,0,0,0,0,1,1,1,1,1,0,1,,,,,,,,,,,,,,,,,,,,
House_of_the_Tragic_Poet_SummerCubiculum_SouthWall_pg43,Pompeii,4,3,,3,1,1,1,1,1,1,1,1,1,1,1,0,0,0,0,0,0,0,0,0,0,0,1,0,0,1,0,0,0,1,0,1,1,0,1,1,1,1,1,1,0,,,,,,,,,,,,,,,,,,,,
House_of_the_Tragic_Poet_Tabinum_EastWall_pg27,Pompeii,4,4,,5,1,1,1,1,1,1,1,1,1,1,1,1,0,0,0,0,0,0,0,0,0,0,0,0,0,0,0,0,0,0,1,1,1,0,1,1,1,1,1,1,0,,,,,,,,,,,,,,,,,,,,
palatino_casa_livia_tablino_pitture-1503x1000,Rome,2,3,,5,1,1,1,1,0,1,1,1,1,1,1,1,0,0,0,0,0,0,0,0,0,0,0,0,0,0,0,0,0,0,1,0,0,1,1,1,1,0,0,0,0,,,,,,,,,,,,,,,,,,,,
palatino_casa_livia_triclinio-1550x1000,Rome,2,3,,5,1,1,0,1,1,1,1,1,1,0,0,0,0,0,0,0,0,0,0,0,0,0,0,0,0,0,0,0,0,1,1,0,0,0,1,1,1,1,0,0,0,,,,,,,,,,,,,,,,,,,,
Pompei__Insula_Occidentalis_Scavo_del_Principe_di_Montenegro_oecus6_pg548,Pompeii,4,4,,5,1,1,1,0,1,1,1,1,1,1,1,1,0,0,0,0,0,0,0,0,0,0,0,0,0,0,0,0,0,1,0,1,0,0,1,1,1,1,1,1,0,,,,,,,,,,,,,,,,,,,,
Pompei_pitture_mosaici_INS1_25.47_Esedra10_pg255,Pompeii,4,4,,5,1,1,1,1,1,1,1,1,1,1,1,1,0,0,0,0,0,0,0,0,0,0,0,0,0,0,0,0,0,1,0,1,1,0,1,1,1,1,1,1,0,,,,,,,,,,,,,,,,,,,,
Pompei_pitture_mosaici_INS1_25.47_Triclino8_pg240,Pompeii,4,3,,9,1,1,1,0,1,1,1,1,1,1,1,1,0,0,0,0,0,0,0,0,0,0,0,0,0,0,0,0,0,1,0,1,1,0,1,1,1,1,1,1,0,,,,,,,,,,,,,,,,,,,,
Pompei_pitture_mosaici_INS4_31.51_Oecus17_PareteS_pg1011,Pompeii,4,5,,3,1,1,1,1,1,1,1,1,1,1,1,1,0,0,0,0,0,0,0,0,0,0,0,0,0,0,0,0,0,1,1,1,0,0,1,1,1,1,1,1,0,,,,,,,,,,,,,,,,,,,,
Pompei_pitture_mosaici_INS4_31.51_Tablino27_PareteO_pg1068,Pompeii,4,3,,5,1,1,1,1,1,1,1,1,0,0,0,0,0,0,0,0,0,0,0,0,0,0,0,0,0,0,0,0,1,1,1,1,0,0,1,1,1,1,1,1,1,,,,,,,,,,,,,,,,,,,,
Pompei-August-Mau-1-down,Pompeii,1,2,,4,1,1,1,0,0,0,1,0,0,0,0,0,0,0,0,0,0,0,0,0,0,0,0,0,0,0,0,0,0,0,0,0,0,1,1,2,0,0,0,0,0,,,,,,,,,,,,,,,,,,,,
Pompei-August-Mau-1-up,Pompeii,1,3,,5,1,1,1,1,0,0,1,0,0,0,0,0,0,0,0,0,0,0,0,0,0,0,0,0,0,0,0,0,0,0,0,0,0,1,1,0,0,0,0,0,0,,,,,,,,,,,,,,,,,,,,
"Roman cubiculum, dated 50 BC, from Augusta Bilbilis, Insula I, Domus 2, Calatayud, Spain (then part of the Roman province of Hispania Tarraconensis)","Calatayud, Spain",1,2,,4,1,0,1,1,0,1,0,0,0,0,0,0,0,0,0,0,0,0,0,0,0,0,0,0,0,0,0,0,0,0,0,0,0,1,1,0,0,0,0,0,0,,,,,,,,,,,,,,,,,,,,
Roman_Painting_Ling_PompeiiIX_pg81,Pompeii,1,2,,4,1,1,1,0,0,0,1,0,0,0,0,0,0,0,0,0,0,0,0,0,0,0,0,0,0,0,0,0,0,0,0,0,0,1,1,2,0,0,0,0,0,,,,,,,,,,,,,,,,,,,,
Splendor_Roman_Wall_Painting_House_of_Griffins_Room2_pg31,Rome,2,2,,3,1,1,0,1,1,1,1,1,0,0,0,0,0,0,0,0,0,0,0,0,0,0,0,0,0,0,0,0,0,0,0,0,0,1,1,1,0,0,0,0,0,,,,,,,,,,,,,,,,,,,,
Splendor_Roman_Wall_Painting_House_of_Livia_RoomE_LeftWall_pg11,Rome,2,2,,3,1,1,0,1,1,1,1,0,1,0,0,0,0,0,0,0,0,0,0,0,0,0,0,0,0,0,1,1,0,0,0,0,0,0,1,1,0,0,1,0,0,,,,,,,,,,,,,,,,,,,,
Splendor_Roman_Wall_Painting_House_of_Lucretius_Fronto_Tablinum_NorthWall_pg146,Pompeii,4,4,,5,1,1,1,0,1,1,1,1,1,1,1,1,0,0,0,0,0,0,0,0,0,0,0,0,0,0,0,0,0,0,1,1,0,0,1,1,1,1,0,1,0,,,,,,,,,,,,,,,,,,,,
Splendor_Roman_Wall_Painting_House_of_Orchard_BlueBedroom_pg153,Pompeii,3,3,,3,1,1,1,0,1,1,1,1,1,1,1,1,0,0,0,0,0,0,0,0,0,0,0,0,0,0,0,1,1,1,0,1,0,0,0,1,0,0,1,0,0,,,,,,,,,,,,,,,,,,,,
Splendor_Roman_Wall_Painting_Murecine_TricliniumA_EastWall_pg167,Pompeii,4,3,,5,1,1,1,1,1,1,1,1,1,1,1,0,0,0,0,0,0,0,0,1,0,0,0,0,0,0,0,0,0,0,0,0,0,0,1,1,1,0,1,1,0,,,,,,,,,,,,,,,,,,,,
Splendor_Roman_Wall_Painting_Murecine_TricliniumC_EastWall_pg169b,Pompeii,4,3,,5,1,1,1,1,1,1,1,1,1,1,1,0,0,0,0,0,0,0,0,1,0,0,0,0,0,0,0,0,0,0,0,0,0,0,1,1,1,0,1,1,0,,,,,,,,,,,,,,,,,,,,
Splendor_Roman_Wall_Painting_Murecine_TricliniumC_WestWall_pg169a,Pompeii,4,3,,5,1,1,1,1,1,1,1,1,1,1,1,0,0,0,0,0,0,0,0,1,0,0,0,0,0,0,0,0,0,0,0,0,0,0,1,1,1,0,1,1,0,,,,,,,,,,,,,,,,,,,,
Splendor_Roman_Wall_Painting_Pappalando_Combined-10.psd,Rome,2,3,,2,1,1,1,1,1,1,1,1,1,0,0,0,0,0,0,0,0,0,0,0,0,0,0,0,0,0,0,0,0,0,0,0,0,0,1,1,1,0,1,0,0,,,,,,,,,,,,,,,,,,,,
Splendor_Roman_Wall_Painting_Pappalando_Combined-11.psd,Rome,3,3,,3,1,1,1,1,1,1,1,1,1,1,1,1,0,0,0,0,0,0,0,0,0,0,0,0,0,0,0,0,0,0,0,0,0,1,1,1,1,0,0,0,0,,,,,,,,,,,,,,,,,,,,
Splendor_Roman_Wall_Painting_Pappalando_Combined-12.psd,Rome,3,3,,3,1,1,1,1,1,1,1,1,1,1,1,1,0,0,0,0,0,0,0,0,0,0,0,0,0,0,0,0,0,0,0,0,0,1,1,1,1,0,0,0,0,,,,,,,,,,,,,,,,,,,,
Splendor_Roman_Wall_Painting_Pappalando_Combined-13.psd,Rome,3,3,,3,1,1,1,1,1,1,1,1,1,1,1,1,0,0,0,0,0,0,0,0,0,0,0,0,0,0,0,0,0,0,1,0,0,0,1,1,1,0,0,1,0,,,,,,,,,,,,,,,,,,,,
Splendor_Roman_Wall_Painting_Pappalando_Combined-14.psd,Rome,3,3,,3,1,1,1,1,0,1,1,0,1,1,1,1,0,0,0,0,0,0,0,0,0,0,0,0,0,1,0,0,0,0,0,0,0,0,1,1,1,1,0,1,0,,,,,,,,,,,,,,,,,,,,
Splendor_Roman_Wall_Painting_Pappalando_Combined-15.psd,Pompeii,3,3,,5,1,1,0,0,0,1,1,1,1,1,0,0,0,0,0,0,0,0,0,0,0,0,0,0,0,0,1,0,0,0,1,0,0,0,0,1,1,2,1,0,0,,,,,,,,,,,,,,,,,,,,
Splendor_Roman_Wall_Painting_Pappalando_Combined-16.psd,Pompeii,4,4,,5,1,1,1,0,1,1,1,1,1,1,1,1,0,0,0,0,0,0,0,0,0,0,0,0,0,0,0,0,0,0,1,1,0,0,1,1,1,1,0,1,0,,,,,,,,,,,,,,,,,,,,
Splendor_Roman_Wall_Painting_Pappalando_Combined-18.psd,Pompeii,4,3,,5,1,1,1,1,1,1,1,1,1,1,1,0,0,0,0,0,0,0,0,1,0,0,0,0,0,0,0,0,0,0,0,0,0,0,1,1,1,0,1,1,0,,,,,,,,,,,,,,,,,,,,
Splendor_Roman_Wall_Painting_Pappalando_Combined-19.psd,Pompeii,3,3,,7,1,1,1,0,0,1,1,1,1,1,1,0,0,0,0,0,0,0,0,1,0,0,0,0,0,0,1,0,0,0,1,0,0,0,1,1,1,0,1,1,0,,,,,,,,,,,,,,,,,,,,
Splendor_Roman_Wall_Painting_Pappalando_Combined-3.psd,Pompeii,2,3,,3,1,1,1,1,1,1,1,1,1,0,0,0,0,0,0,0,0,0,0,0,0,0,0,0,0,0,1,1,0,1,0,0,0,1,1,1,0,0,1,0,0,,,,,,,,,,,,,,,,,,,,
Splendor_Roman_Wall_Painting_Pappalando_Combined-5.psd,Pompeii,2,2,,3,1,1,0,1,1,1,1,1,0,0,0,0,0,0,0,0,0,0,0,0,0,0,0,0,0,0,0,0,0,0,0,0,0,1,1,1,0,0,0,0,0,,,,,,,,,,,,,,,,,,,,
Splendor_Roman_Wall_Painting_Pappalando_Combined-7.psd,Rome,2,3,,3,1,1,1,1,1,1,1,1,1,0,0,0,0,0,0,0,0,0,0,0,0,0,0,0,0,0,0,0,0,0,1,0,0,1,1,1,0,0,1,0,0,,,,,,,,,,,,,,,,,,,,
Splendor_Roman_Wall_Painting_Pappalando_Combined-8.psd,Oplontis,3,3,,3,1,1,1,1,1,1,1,1,1,1,1,0,0,0,0,0,0,0,0,0,1,0,0,0,0,0,0,1,1,1,1,0,0,0,1,1,1,0,1,1,0,,,,,,,,,,,,,,,,,,,,
Splendor_Roman_Wall_Painting_Pappalando_Combined-9.psd,Oplontis,2,3,,3,1,1,1,1,1,1,1,1,1,0,0,0,0,0,0,0,0,0,0,0,0,0,0,0,0,0,1,1,1,0,0,0,0,0,1,1,0,0,0,1,1,,,,,,,,,,,,,,,,,,,,
Splendor_Roman_Wall_Painting_Villa_Farnesina_BedroomB_LeftWall_pg111,Rome,3,3,,3,1,1,1,1,0,1,1,1,1,1,1,1,0,0,0,0,0,0,0,0,0,0,0,0,0,0,0,0,0,0,0,0,0,1,1,1,1,0,0,1,0,,,,,,,,,,,,,,,,,,,,
Splendor_Roman_Wall_Painting_Villa_Farnesina_BedroomD__pg114,Rome,3,3,,3,1,1,1,1,1,1,1,1,1,1,1,1,0,0,0,0,0,0,0,0,0,0,0,0,0,0,0,0,0,0,0,0,0,1,1,1,1,0,1,1,0,,,,,,,,,,,,,,,,,,,,
Splendor_Roman_Wall_Painting_Villa_Farnesina_BedroomE_LeftWall_pg115,Rome,3,3,,3,1,1,1,1,1,1,1,1,1,1,1,1,0,0,0,0,0,0,0,0,0,0,0,0,0,0,0,0,0,0,1,0,1,0,1,1,1,0,0,1,0,,,,,,,,,,,,,,,,,,,,
Splendor_Roman_Wall_Painting_Villa_Farnesina_CorridorF_pg112,Rome,3,3,,3,0,1,1,1,1,1,1,1,1,1,2,1,0,0,0,0,0,0,0,0,0,0,0,0,0,0,0,0,0,0,1,0,0,0,1,1,1,0,1,0,0,,,,,,,,,,,,,,,,,,,,
Splendor_Roman_Wall_Painting_Villa_Farnesina_TricliniumC_pg113,Rome,3,3,,4,1,1,1,1,1,1,1,0,1,1,1,1,0,0,0,0,0,0,0,0,0,0,0,0,0,0,0,0,0,0,0,0,0,0,1,1,1,0,1,0,0,,,,,,,,,,,,,,,,,,,,
Splendor_Roman_Wall_Painting_Villa_Imperiale_OecusA_pg123,Rome,3,3,,3,1,1,1,1,0,1,1,1,1,0,0,1,0,0,0,0,0,0,0,0,0,0,0,0,0,0,0,0,0,0,0,0,0,0,1,1,1,1,0,0,0,,,,,,,,,,,,,,,,,,,,
Splendor_Roman_Wall_Painting_Villa_Mysteries_Tablinum_pg49,Pompeii,2,3,,3,1,1,1,1,0,0,1,1,1,0,0,0,0,0,0,0,0,0,0,0,0,0,0,0,0,0,0,0,0,0,0,1,0,1,1,1,0,0,1,0,0,,,,,,,,,,,,,,,,,,,,
Splendor_Roman_Wall_Painting_Villa_of_Agrippa_postumus_RedRoom_pg133,Pompeii,3,3,,5,1,1,1,0,1,1,1,1,1,1,1,1,0,0,0,0,0,0,0,0,0,0,0,0,0,0,0,0,0,0,1,0,0,0,0,1,1,0,1,0,0,,,,,,,,,,,,,,,,,,,,
Splendor_Roman_Wall_Painting_Villa_of_Poppea_Caldarium8_EastWall_pg66,Oplontis,3,3,,3,1,1,1,1,1,1,1,1,1,1,1,1,0,0,0,0,0,0,0,0,0,0,0,0,0,1,0,0,0,1,0,1,1,0,1,1,1,1,1,1,0,,,,,,,,,,,,,,,,,,,,
Splendor_Roman_Wall_Painting_Villa_of_Poppea_Diaeta23_NorthWall_pg67a,Oplontis,2,3,,5,1,1,1,1,0,0,1,1,1,0,0,0,0,0,0,0,0,0,0,0,0,0,0,0,0,0,1,0,0,0,0,0,0,1,1,1,0,0,0,0,0,,,,,,,,,,,,,,,,,,,,
Splendor_Roman_Wall_Painting_Villa_of_Poppea_Diaeta23_WestWall_pg67b,Oplontis,2,4,,5,1,1,1,1,1,1,1,1,1,0,0,0,0,0,0,0,0,0,0,0,0,0,0,0,0,0,1,1,0,0,1,0,0,0,1,1,1,0,1,1,0,,,,,,,,,,,,,,,,,,,,
the_black_room-145AAA998F66BA61670.png,Pompeii,3,2,,3,0,1,0,0,0,1,1,0,0,0,0,0,0,0,0,0,0,0,0,0,0,0,0,0,0,0,1,0,0,0,0,0,0,0,1,1,1,0,0,0,0,,,,,,,,,,,,,,,,,,,,
The_House_of_Sallust_Diaeta33_SEWalls_pg104_2,Pompeii,4,3,,3,1,1,1,1,1,1,1,1,1,1,1,0,0,0,0,0,0,0,0,0,0,0,0,0,0,0,0,0,0,0,0,1,1,0,1,1,1,1,1,0,0,,,,,,,,,,,,,,,,,,,,
The_House_of_Sallust_Diaeta34_EWalls_pg104,Pompeii,4,3,,3,1,1,1,0,1,1,1,1,1,1,1,1,0,0,0,0,0,0,0,0,0,0,0,0,0,0,0,0,0,1,0,0,1,1,1,1,1,1,1,0,1,,,,,,,,,,,,,,,,,,,,
The_House_of_Sallust_Peristyle31_NECorner_pg99,Pompeii,4,3,,3,1,0,1,0,1,1,1,0,1,1,1,1,0,0,0,0,0,0,0,0,0,0,0,0,0,0,0,0,0,1,0,0,0,0,1,1,1,0,1,1,1,,,,,,,,,,,,,,,,,,,,
Wall Painting Boscoreale,Boscoreale,2,3,,1,1,1,1,1,1,1,1,1,1,1,0,0,0,0,0,0,0,0,0,0,0,0,0,0,0,0,1,1,0,1,0,1,0,0,1,1,1,0,0,1,0,,,,,,,,,,,,,,,,,,,,
xhouse_of_augustus_rome-tSa-750X418,Rome,2,4,,5,1,1,0,1,1,1,1,1,1,1,0,0,0,0,0,0,0,0,0,0,0,0,0,0,0,0,1,1,0,0,1,0,1,0,1,1,0,0,1,1,0,,,,,,,,,,,,,,,,,,,,
00033619_006,Britain,2,3,,1,1,1,1,1,0,1,1,1,1,0,0,0,0,0,0,0,0,0,0,0,0,0,0,0,0,1,0,0,0,1,0,0,0,1,1,0,1,1,0,0,0,,,,,,,,,,,,,,,,,,,,
00033621_006,Britain,2,3,,6,1,1,1,1,0,1,1,1,1,1,0,0,0,0,0,0,0,0,0,0,0,0,0,0,0,0,0,1,0,0,0,0,0,0,1,1,1,0,0,0,0,,,,,,,,,,,,,,,,,,,,
16119773582_e42ff77f9b_b,Britain,2,1,,1,1,1,0,1,0,1,1,1,1,0,0,0,0,0,0,0,0,0,0,0,0,0,0,0,0,0,0,0,0,0,0,0,0,0,0,0,0,0,0,0,0,,,,,,,,,,,,,,,,,,,,
images,Britain,2,3,,1,1,1,1,1,0,1,1,1,1,0,0,0,0,0,0,0,0,0,0,0,0,0,0,0,0,1,0,0,0,1,0,0,0,1,1,0,0,1,0,0,0,,,,,,,,,,,,,,,,,,,,
"Painted_Walls_from_Lullinstone_Roman_Villa,_4th_century_AD,_British_Museum_(16094705486)",Britain,2,2,,3,1,1,1,1,0,1,1,1,1,1,0,0,0,0,0,0,0,0,0,0,0,0,0,0,0,0,0,0,0,0,0,0,0,0,1,0,1,0,0,0,0,,,,,,,,,,,,,,,,,,,,
domus aurea fresco detail,Domus Aurea,4,2,,5,1,0,0,0,1,1,1,1,1,1,1,0,0,0,0,0,0,0,0,0,0,0,0,0,1,0,0,0,0,1,0,0,0,0,0,1,1,1,0,1,0,,,,,,,,,,,,,,,,,,,,
Domus-Aurea-interni-,Domus Aurea,4,2,,5,1,1,1,1,1,1,1,1,1,1,0,0,0,0,0,0,0,0,0,0,0,0,0,0,0,0,0,0,0,0,0,0,0,1,2,1,2,0,1,0,0,,,,,,,,,,,,,,,,,,,,
ITA-Nero-int-det,Domus Aurea,4,3,,3,1,1,1,1,0,1,1,1,1,1,2,0,0,0,0,0,0,0,0,0,0,0,0,0,0,0,0,0,0,0,0,0,0,0,0,1,0,0,0,0,0,,,,,,,,,,,,,,,,,,,,
unnamed (1),Domus Aurea,4,2,,9,1,1,1,1,1,1,1,1,1,1,1,1,,,,,,,,,,,,,,0,0,0,0,1,0,0,2,0,0,0,1,1,0,0,0,,,,,,,,,,,,,,,,,,,,
unnamed,Domus Aurea,4,8,,8,1,1,1,0,1,1,1,0,1,1,1,1,,,,,,,,,,,,,,1,0,0,0,0,1,0,0,0,0,0,1,1,1,1,1,,,,,,,,,,,,,,,,,,,,
"Venus_and_Cupid_from_the_House_of_Marcus_Fabius_Rufus_at_Pompeii,_most_likely_a_depiction_of_Cleopatra_VII",Egypt,3,2,,3,1,1,0,1,0,1,1,1,1,1,1,0,0,0,0,0,0,0,0,0,0,0,1,0,0,0,0,0,0,0,0,0,1,0,0,0,0,0,0,1,0,,,,,,,,,,,,,,,,,,,,
4b127d91b168652d529f217f234a4c79,Ephesos,4,1,,2,1,1,1,1,0,1,1,1,1,1,0,0,0,0,0,0,0,0,0,0,0,0,0,0,0,0,0,0,0,0,0,0,0,0,0,0,0,0,0,0,0,,,,,,,,,,,,,,,,,,,,
372b01268be3e295d638249c89bafb12,Ephesos,4,1,,1,1,1,1,0,0,1,1,1,1,1,0,0,0,0,0,0,0,0,0,0,0,0,0,0,0,0,0,0,0,0,0,0,0,0,0,0,0,0,0,0,0,,,,,,,,,,,,,,,,,,,,
184254_0_En_3405-1_Fig10_HTML,Ephesos,3,3,,7,1,1,0,0,1,1,1,1,1,1,1,1,,,,,,,,,,,,,,0,0,0,0,0,0,0,0,0,0,1,0,0,1,2,0,,,,,,,,,,,,,,,,,,,,
29939171-painted-roman-frescoes-on-the-walls-of-private-homes-on-the-terraces-above-ephesus-turkey,Ephesos,3,2,,3,1,1,1,0,0,1,1,1,0,1,0,0,0,0,0,0,0,0,0,0,0,0,0,0,0,0,0,0,0,0,0,0,0,1,0,0,1,1,1,0,0,,,,,,,,,,,,,,,,,,,,
1554448556_Mosaic_Art_in_Ephesus,Ephesos,4,3,,6,1,1,0,0,1,1,1,1,1,0,1,1,,,,,,,,,,,,,,0,0,0,0,0,0,0,0,1,0,1,0,1,1,0,0,,,,,,,,,,,,,,,,,,,,
download,Ephesos,3,2,,3,1,1,1,0,0,1,1,0,1,1,0,0,0,0,0,0,0,0,0,0,0,0,0,0,0,0,0,0,0,0,0,0,1,1,0,0,0,0,1,0,0,,,,,,,,,,,,,,,,,,,,
terrace-house-detail-1,Ephesos,4,3,,6,1,1,0,0,1,1,1,1,1,0,1,1,,,,,,,,,,,,,,0,0,0,0,0,0,0,0,1,0,1,0,1,1,0,0,,,,,,,,,,,,,,,,,,,,
terrace-house-detail-2,Ephesos,3,2,,2,1,1,1,1,0,1,1,0,1,1,0,0,0,0,0,0,0,0,0,0,0,0,0,0,0,0,0,0,0,0,0,0,1,1,0,0,0,0,1,0,0,,,,,,,,,,,,,,,,,,,,
unnamed (2),Ephesos,1,2,,1,1,0,1,1,1,1,1,0,1,1,0,0,0,0,0,0,0,0,0,0,0,0,0,0,0,0,1,0,0,0,0,0,1,0,0,0,0,0,1,0,0,,,,,,,,,,,,,,,,,,,,
unnamed (3),Ephesos,1,1,,1,1,1,1,1,1,1,1,0,1,1,0,0,0,0,0,0,0,0,0,0,0,0,0,0,0,0,0,0,0,0,0,0,0,0,0,0,0,0,0,0,0,,,,,,,,,,,,,,,,,,,,
unnamed (4),Ephesos,3,2,,3,1,1,1,0,1,1,1,1,1,1,0,0,0,0,0,0,0,0,0,0,0,0,0,0,0,0,0,0,0,0,0,0,1,0,0,0,0,0,1,0,0,,,,,,,,,,,,,,,,,,,,
506afd10a36de77db8a07f6a4b46bf2e,Gaul,4,4,,3,1,1,1,1,1,1,1,1,1,1,1,1,,,,,,,,,,,,,,0,1,0,0,1,0,0,0,0,1,1,1,1,1,0,0,,,,,,,,,,,,,,,,,,,,
15659159503_a942d70fff_h1,Gaul,1,2,,3,1,1,0,1,0,1,1,1,1,1,0,0,0,0,0,0,0,0,0,0,0,0,0,0,0,0,0,0,0,0,0,0,1,0,0,0,0,0,0,0,0,,,,,,,,,,,,,,,,,,,,
16065244958_11a01473df_h,Gaul,3,2,,2,1,1,0,0,1,1,1,1,1,0,0,0,0,0,0,0,0,0,0,0,0,0,0,0,0,0,0,0,0,0,0,0,0,0,0,0,0,0,0,0,0,,,,,,,,,,,,,,,,,,,,
16092353008_e393f6d482_h,Gaul,3,2,,1,1,1,1,1,1,1,1,1,1,1,0,0,0,0,0,0,0,0,0,0,0,0,0,0,0,0,0,0,0,0,0,0,0,0,0,0,0,0,0,0,0,,,,,,,,,,,,,,,,,,,,
16095143697_243889792e_h,Gaul,2,4,,3,1,1,1,1,0,1,1,1,1,0,0,0,0,0,0,0,0,0,0,0,0,0,0,0,0,0,0,1,0,1,0,1,0,1,1,1,1,1,1,1,0,,,,,,,,,,,,,,,,,,,,
pompeii_wallpainting,Gaul,2,4,,1,1,1,0,1,1,1,1,1,1,0,0,0,0,0,0,0,0,0,0,0,0,0,0,0,0,0,0,0,0,0,0,0,0,1,0,0,0,0,0,0,0,,,,,,,,,,,,,,,,,,,,
f28a52ce142ea79e2743b68357c5559d,Livia,4,4,,1,1,1,1,1,1,1,1,1,1,0,0,0,0,0,0,0,0,0,0,0,0,0,0,0,0,0,1,0,0,1,0,1,0,0,0,0,0,0,0,0,0,,,,,,,,,,,,,,,,,,,,
fb2f3df9c6a501796568bf96fff86f74,Livia,4,2,,1,1,1,1,1,1,1,1,1,1,0,0,0,0,0,0,0,0,0,0,0,0,0,0,0,0,0,1,0,0,1,0,1,0,0,0,0,0,0,0,0,0,,,,,,,,,,,,,,,,,,,,
tmp1032507355012530177,Livia,4,6,,3,1,1,1,1,1,1,1,1,1,0,0,0,0,0,0,0,0,0,0,0,0,0,0,0,0,0,1,1,0,1,0,1,0,0,1,1,0,0,0,0,0,,,,,,,,,,,,,,,,,,,,
VillaofLivia-MilestoneRome1,Livia,4,6,,3,1,1,1,1,1,1,1,1,1,0,0,0,0,0,0,0,0,0,0,0,0,0,0,0,0,0,1,1,0,1,0,1,0,0,1,1,0,0,0,0,0,,,,,,,,,,,,,,,,,,,,
0a1296f242c272506edd05f377459a99,Mann,2,2,,2,1,1,1,1,1,1,1,0,1,1,0,0,0,0,0,0,0,0,0,0,0,0,0,0,0,0,0,0,0,0,1,0,1,1,0,0,0,0,0,0,0,,,,,,,,,,,,,,,,,,,,
03a0ed3893bd2b8c59a016f6608af27b,Mann,2,1,,1,2,1,0,1,1,1,1,1,1,1,2,1,,,,,,,,,,,,,,0,0,0,0,1,0,0,0,1,0,0,0,0,0,0,0,,,,,,,,,,,,,,,,,,,,
6f58d99f5587d76c89d0e96d87acd949,Mann,4,4,,2,1,1,1,1,1,1,1,1,1,1,1,1,,,,,,,,,,,,,,0,0,0,0,0,0,0,0,1,1,0,0,0,0,0,0,,,,,,,,,,,,,,,,,,,,
405px-Museo_Nazionale_Napoli_Perseus_And_Andromeda,Mann,2,3,,2,1,1,1,1,0,1,1,1,1,1,1,0,0,0,0,0,0,0,0,0,0,0,0,0,0,0,0,1,0,0,0,0,0,1,0,0,0,0,0,0,0,,,,,,,,,,,,,,,,,,,,
1142_Leach04,Mann,2,1,,1,1,1,1,1,0,1,1,1,1,1,2,1,,,,,,,,,,,,,,0,0,0,0,0,0,0,0,0,0,0,0,0,0,0,0,,,,,,,,,,,,,,,,,,,,
1200px-Museo_Nazionale_Napoli_-_Perseus_and_Andromeda,Mann,2,3,,2,1,1,1,1,0,1,1,1,1,1,1,0,0,0,0,0,0,0,0,0,0,0,0,0,0,0,0,1,0,0,0,0,0,1,0,0,0,0,0,0,0,,,,,,,,,,,,,,,,,,,,
8598-mosaici-museo-napoli-1024x635,Mann,3,3,,4,1,1,1,1,1,1,1,1,1,1,2,1,,,,,,,,,,,,,,0,1,0,0,1,0,0,0,1,0,0,0,0,0,0,0,,,,,,,,,,,,,,,,,,,,
8977-mosaici-museo-napoli-810x1024,Mann,2,4,,2,1,1,1,1,0,1,1,0,1,1,0,0,0,0,0,0,0,0,0,0,0,0,0,0,0,0,0,0,0,0,0,0,0,1,0,0,0,0,0,0,0,,,,,,,,,,,,,,,,,,,,
39170d44953d00ecebd1a011a8e9f26a,Mann,2,3,,2,1,1,1,1,1,1,1,0,1,1,0,0,0,0,0,0,0,0,0,0,0,0,0,0,0,0,0,0,0,0,0,0,0,0,1,0,0,0,0,0,0,,,,,,,,,,,,,,,,,,,,
112286-BACCO-E-IL-VESUVIO-AFFRESCO-mosaici-museo-napoli-735x1024,Mann,4,2,,3,1,1,1,1,1,1,1,1,1,1,1,0,0,1,0,0,0,0,0,0,0,0,0,0,0,0,1,0,1,1,1,1,0,0,1,0,0,0,1,0,0,,,,,,,,,,,,,,,,,,,,
Battle_of_Issus_mosaic_-_Museo_Archeologico_Nazionale_-_Naples_2013-05-16_16-25-06_BW,Mann,4,1,,1,1,1,0,1,1,1,1,1,1,1,0,0,0,0,0,0,0,0,0,0,0,0,0,0,0,0,0,0,0,1,0,0,0,0,0,0,0,0,0,0,1,,,,,,,,,,,,,,,,,,,,
daaf58960fca6562ed0da05e61a561a7,Mann,2,3,,3,1,1,1,1,0,1,1,1,1,1,0,0,0,0,0,0,0,0,0,0,0,0,0,0,0,0,1,0,0,0,0,0,0,0,0,0,0,0,0,0,0,,,,,,,,,,,,,,,,,,,,
DrFM7wVXgAAMsrC,Mann,2,3,,3,1,1,1,1,0,1,1,1,1,1,1,0,0,0,0,1,0,0,0,0,0,0,0,0,0,0,1,1,0,1,0,0,0,0,1,0,0,0,0,1,0,,,,,,,,,,,,,,,,,,,,
figure39,Mann,2,3,,2,1,1,0,1,0,1,1,1,1,1,0,0,0,0,0,0,0,0,0,0,0,0,0,0,0,0,0,0,0,0,0,0,0,0,0,0,0,0,0,0,0,,,,,,,,,,,,,,,,,,,,
Fresco-at-Naples-National-Archaeological-Museum-1024x629,Mann,4,7,,2,0,1,0,1,1,1,1,0,1,1,0,0,0,0,0,0,0,0,0,0,0,0,0,0,0,0,0,1,0,1,0,0,0,0,1,0,0,0,0,0,0,,,,,,,,,,,,,,,,,,,,
Fresco-of-a-peacock-on-a-garden-fence-Painted-plaster-Pompeii-peristyle-garden-House-of-the,Mann,2,3,,2,1,1,1,1,1,1,1,1,1,0,0,0,0,0,0,0,0,0,0,0,0,0,0,0,0,0,0,1,0,1,0,1,0,0,0,0,0,0,0,1,0,,,,,,,,,,,,,,,,,,,,
images (1),Mann,3,2,,2,1,1,1,1,0,1,1,1,1,0,0,0,0,0,0,0,0,0,0,0,0,0,0,0,0,0,0,0,0,0,0,0,0,1,0,0,1,0,0,0,0,,,,,,,,,,,,,,,,,,,,
images (2),Mann,4,3,,3,1,1,1,1,0,0,0,1,1,1,2,0,0,0,0,1,0,0,0,0,0,0,0,0,0,0,0,0,0,0,0,0,0,0,1,0,1,0,0,0,0,,,,,,,,,,,,,,,,,,,,
inv.9112-mosaici-museo-napoli-991x1024,Mann,4,3,,2,1,1,1,1,0,0,0,1,1,1,1,1,,,,,,,,,,,,,,0,0,0,0,1,0,0,0,0,1,0,0,0,0,0,0,,,,,,,,,,,,,,,,,,,,
inv.112222-mosaici-museo-napoli-1024x928,Mann,1,1,,1,1,1,0,1,0,1,1,1,1,1,0,0,0,0,0,0,0,0,0,0,0,0,0,0,0,0,0,0,0,1,0,0,0,0,0,0,0,0,0,1,0,,,,,,,,,,,,,,,,,,,,
Omphale-and-Heracles-Pompei-wall-painting-Museo-Archeologico-Nazionale-di-Napoli-I_Q640,Mann,4,3,,2,0,1,1,1,1,1,1,1,1,1,1,0,0,0,0,0,0,0,0,0,1,0,0,0,0,0,0,0,0,0,0,0,1,0,1,0,0,0,0,0,0,,,,,,,,,,,,,,,,,,,,
r960-1814fa387af660b7bd50ec24103526c6,Mann,2,1,,3,1,1,0,1,0,1,1,1,1,1,1,0,0,0,0,0,0,0,0,1,0,0,0,0,0,0,0,0,0,0,0,0,0,0,0,0,0,0,0,0,0,,,,,,,,,,,,,,,,,,,,
vdp1,Mann,2,4,,3,1,1,0,1,0,1,1,0,1,0,1,0,0,0,0,1,0,0,0,0,0,0,0,0,0,0,0,0,0,0,0,0,0,0,1,0,1,0,0,1,0,,,,,,,,,,,,,,,,,,,,
1-s2.0-S2095263515000126-gr11,Ostia,1,1,,3,1,0,1,1,0,1,1,1,0,0,0,0,0,0,0,0,0,0,0,0,0,0,0,0,0,0,0,0,0,0,0,0,0,0,0,0,0,0,0,0,0,,,,,,,,,,,,,,,,,,,,
76733b1c966fc4bf1073cdcf791d9c7d,Ostia,3,2,,3,1,1,1,1,0,0,0,1,1,1,0,0,0,0,0,0,0,0,0,0,0,0,0,0,0,0,0,0,0,0,0,0,0,0,0,0,0,0,0,0,0,,,,,,,,,,,,,,,,,,,,
184254_0_En_3405-1_Fig6_HTML,Ostia,4,2,,3,1,1,1,1,0,1,1,1,1,1,2,1,,,,,,,,,,,,,,0,0,0,0,0,0,0,0,1,0,1,0,0,1,0,1,,,,,,,,,,,,,,,,,,,,
8806915199_378b1d4686_b,Ostia,3,2,,3,1,1,1,1,1,0,1,1,1,0,0,0,0,0,0,0,0,0,0,0,0,0,0,0,0,0,1,0,0,0,0,0,0,0,0,0,0,0,0,0,0,,,,,,,,,,,,,,,,,,,,
domus-romane-palazzo-valentini,Ostia,2,10,,10,1,1,1,1,1,1,1,1,1,1,2,1,,,,,,,,,,,,,,1,0,0,0,0,0,0,0,0,0,0,0,0,1,0,0,,,,,,,,,,,,,,,,,,,,
due-domus-13,Ostia,1,1,,3,1,0,1,1,0,1,1,1,0,0,0,0,0,0,0,0,0,0,0,0,0,0,0,0,0,0,0,0,0,0,0,0,0,0,0,0,0,0,0,0,0,,,,,,,,,,,,,,,,,,,,
freeslide8,Ostia,3,2,,4,1,1,1,0,1,1,1,1,1,1,2,1,,,,,,,,,,,,,,0,0,0,0,0,0,0,0,1,0,0,0,0,0,0,0,,,,,,,,,,,,,,,,,,,,
Gambling_LR,Ostia,1,1,,2,1,1,1,1,0,1,1,1,1,1,0,0,0,0,0,0,0,0,0,0,0,0,0,0,0,0,0,0,0,0,0,0,0,0,0,0,0,0,0,0,0,,,,,,,,,,,,,,,,,,,,
img055,Ostia,1,2,,1,1,1,1,1,1,1,1,1,1,1,0,0,0,0,0,0,0,0,0,0,0,0,0,0,0,0,0,0,0,1,0,0,0,0,0,0,0,0,0,0,0,,,,,,,,,,,,,,,,,,,,
null25,Ostia,3,1,,3,1,1,0,1,0,1,1,1,1,1,2,1,,,,,,,,,,,,,,0,0,0,0,0,0,0,0,0,0,0,0,0,0,0,0,,,,,,,,,,,,,,,,,,,,
Ostia218,Ostia,3,2,,3,1,1,1,1,0,1,1,1,1,1,1,1,,,,,,,,,,,,,,0,0,0,0,0,0,0,0,0,0,0,0,0,0,0,1,,,,,,,,,,,,,,,,,,,,
trebius,Ostia,2,3,,1,1,1,0,1,1,1,1,0,1,1,0,0,0,0,0,0,0,0,0,0,0,0,0,0,0,0,1,0,0,0,0,0,0,0,0,0,0,0,1,0,0,,,,,,,,,,,,,,,,,,,,
4f234bd9884d8b0ee6141c6c20db6eb8,Rome,3,2,,1,1,1,1,1,1,1,1,1,1,1,0,0,0,0,0,0,0,0,0,0,0,0,0,0,0,0,1,0,0,0,0,0,0,1,1,1,1,0,1,0,0,,,,,,,,,,,,,,,,,,,,
1240,Rome,3,4,,3,1,1,1,1,0,1,1,1,1,1,1,1,,,,,,,,,,,,,,0,0,0,0,0,0,0,0,1,1,1,1,1,0,1,0,,,,,,,,,,,,,,,,,,,,
111475foto-Spina-mosaici-museo-napoli-784x1024,,4,4,,2,1,1,1,1,1,1,1,1,1,1,2,1,,,,,,,,,,,,,,0,0,0,0,1,0,0,0,0,1,0,0,0,0,0,0,,,,,,,,,,,,,,,,,,,,
AKG1014047,,3,3,,3,1,0,0,1,0,1,1,1,1,0,0,0,0,0,0,0,0,0,0,0,0,0,0,0,0,0,0,0,0,1,0,1,0,1,0,1,1,0,0,1,0,,,,,,,,,,,,,,,,,,,,
82f58fd0c81a3e23abe59ea0142c3f1e,Boscoreale,2,5,,4,1,1,1,1,1,1,1,1,1,1,1,1,0,0,0,1,0,0,0,0,0,0,0,0,0,0,1,1,0,0,0,0,0,1,1,0,1,0,0,1,1,,,,,,,,,,,,,,,,,,,,
153 Macedonian prince and Asia fm Boscoreale,Boscoreale,4,3,,2,1,1,1,1,0,1,1,1,1,1,0,0,0,0,0,0,0,0,0,0,0,0,0,0,0,0,0,0,0,0,0,0,0,1,0,0,0,1,0,0,1,,,,,,,,,,,,,,,,,,,,
boscoreale-bay-of-naples-2,Boscoreale,2,3,,2,1,1,1,1,0,1,1,0,1,1,2,1,,,,,,,,,,,,,,0,0,0,0,1,0,0,0,1,0,1,1,1,0,1,0,,,,,,,,,,,,,,,,,,,,
d5b480fce21e09b5d639a0d67a079ebe,Boscoreale,3,2,,3,1,1,1,1,1,1,1,1,1,0,0,0,0,0,0,0,0,0,0,0,0,0,0,0,0,0,0,1,0,1,0,0,0,1,0,1,0,1,1,0,0,,,,,,,,,,,,,,,,,,,,
EUWo8oZXkAAaGjS,Boscoreale,2,5,,3,1,1,1,1,1,1,1,1,1,1,1,1,0,0,0,1,0,0,0,0,0,0,0,0,0,0,0,1,0,0,0,0,0,1,1,0,1,0,0,1,1,,,,,,,,,,,,,,,,,,,,
image009,Boscoreale,2,5,,3,1,1,1,1,1,1,1,1,1,1,1,1,0,0,0,1,0,0,0,0,0,0,0,0,0,0,0,1,0,0,0,0,0,1,1,0,1,0,0,1,1,,,,,,,,,,,,,,,,,,,,
image013,Boscoreale,3,2,,1,1,1,0,1,0,1,1,1,1,1,0,0,0,0,0,0,0,0,0,0,0,0,0,0,0,0,0,0,0,0,0,0,0,1,0,0,0,0,0,0,0,,,,,,,,,,,,,,,,,,,,
image015,Boscoreale,2,4,,5,0,0,0,0,0,1,1,0,1,0,1,1,0,0,0,0,0,0,0,0,0,0,0,0,0,0,0,1,0,0,0,0,0,0,1,0,1,1,0,1,0,,,,,,,,,,,,,,,,,,,,
image017,Boscoreale,2,5,,5,1,1,1,1,1,1,1,1,1,0,0,1,0,0,0,0,0,0,0,0,0,0,0,0,0,0,0,1,0,0,0,0,0,0,1,0,1,0,1,1,0,,,,,,,,,,,,,,,,,,,,
image019,Boscoreale,2,5,,5,0,0,0,0,0,1,1,0,1,0,0,1,0,0,0,0,0,0,0,0,0,0,0,0,0,0,0,1,0,0,0,0,0,0,1,0,1,0,1,1,0,,,,,,,,,,,,,,,,,,,,
image021 (1),Boscoreale,2,5,,5,1,1,1,1,1,1,1,1,1,0,0,1,0,0,0,0,0,0,0,0,0,0,0,0,0,0,0,1,0,0,0,0,0,0,1,0,1,0,1,1,0,,,,,,,,,,,,,,,,,,,,
image021,Boscoreale,3,2,,2,1,1,1,1,1,1,1,1,1,0,0,0,0,0,0,0,0,0,0,0,0,0,0,0,0,0,1,0,0,0,0,0,0,1,0,1,1,1,1,0,0,,,,,,,,,,,,,,,,,,,,
image027,Boscoreale,4,5,,3,1,1,0,1,1,1,1,1,1,0,0,0,0,0,0,0,0,0,0,0,0,0,0,0,0,0,1,0,0,1,0,1,0,1,1,1,1,0,0,0,0,,,,,,,,,,,,,,,,,,,,
image035,Boscoreale,3,3,,1,1,1,1,1,0,1,1,1,1,1,2,1,,,,,,,,,,,,,,0,0,0,0,0,0,0,0,1,0,0,0,0,0,0,0,,,,,,,,,,,,,,,,,,,,
Pompei89,Boscoreale,4,3,,2,1,1,1,1,1,1,1,1,1,1,0,0,0,0,0,0,0,0,0,0,0,0,0,0,0,0,0,0,0,0,0,0,0,1,1,0,0,0,0,0,1,,,,,,,,,,,,,,,,,,,,
Roman_Republican_Period_-_Wall_painting_from_the_cubiculum_of_a_villa_at_Boscoreale_c50-40_BC_-_(MeisterDrucke-379676),Boscoreale,4,4,,2,1,1,0,1,1,1,1,1,1,0,0,0,0,0,0,0,0,0,0,0,0,0,0,0,0,0,1,0,0,1,0,1,0,1,1,1,1,0,0,0,0,,,,,,,,,,,,,,,,,,,,
2-roman-frescoes-pasquale-sorrentinoscience-photo-library,Herculaneum,1,1,,4,1,1,1,1,1,1,1,1,1,0,0,0,0,0,0,0,0,0,0,0,0,0,0,0,0,0,0,0,0,0,0,0,0,1,0,0,0,0,0,0,0,,,,,,,,,,,,,,,,,,,,
9317675067_8677c8b107_c,Herculaneum,2,4,,6,1,1,1,1,0,1,1,1,1,1,2,1,,,,,,,,,,,,,,0,0,0,0,1,0,0,0,1,0,1,1,0,1,0,0,,,,,,,,,,,,,,,,,,,,
Ancient-Roman-Wall-Mosaic-Herculaneum_art,Herculaneum,4,2,,3,1,1,1,0,1,1,1,0,1,1,1,1,,,,,,,,,,,,,,0,0,0,0,0,0,0,0,0,1,0,1,1,0,0,0,,,,,,,,,,,,,,,,,,,,
c9355998efc166c10314279a29fef978,Herculaneum,3,4,,2,1,1,1,1,0,1,1,1,1,0,1,0,0,0,1,0,0,0,0,0,0,0,0,0,0,0,0,0,0,0,0,0,0,0,1,0,0,0,0,0,0,,,,,,,,,,,,,,,,,,,,
idyllic_landscape_herculaneum_hi,Herculaneum,4,6,,1,0,1,1,1,1,1,1,0,1,1,0,0,0,0,0,0,0,0,0,0,0,0,0,0,0,0,0,0,0,1,1,1,0,0,1,0,0,0,0,1,0,,,,,,,,,,,,,,,,,,,,
image025,Oplontis,3,5,,3,1,1,1,1,1,1,1,1,1,1,1,1,,,,,,,,,,,,,,1,0,0,0,1,1,0,0,1,1,1,0,1,1,1,0,,,,,,,,,,,,,,,,,,,,
oplontis scorcio2,Oplontis,3,6,,2,1,1,1,1,1,1,1,1,1,0,0,0,0,0,0,0,0,0,0,0,0,0,0,0,0,0,0,0,0,1,0,1,0,1,0,0,0,0,0,0,0,,,,,,,,,,,,,,,,,,,,
Oplontis_Caldarium_room8-1320x564,Oplontis,3,4,,3,1,1,1,1,1,1,1,1,1,1,2,1,,,,,,,,,,,,,,1,0,0,0,1,1,0,0,1,1,1,0,1,0,1,0,,,,,,,,,,,,,,,,,,,,
stucco_fig4,Oplontis,2,7,,3,1,1,1,1,1,1,1,1,1,1,1,1,,,,,,,,,,,,,,0,0,1,0,0,0,0,1,1,1,1,1,0,1,1,1,,,,,,,,,,,,,,,,,,,,
0ddcb9a760d57442c3bbba6503802a80,Pompeii,2,5,,3,0,1,1,1,1,1,1,1,1,1,2,1,,,,,,,,,,,,,,0,0,0,0,0,0,0,0,1,1,0,0,0,0,1,0,,,,,,,,,,,,,,,,,,,,
British-Museums-Pompeii-e-010,Pompeii,4,3,,3,1,1,1,1,1,1,1,1,1,1,2,1,,,,,,,,,,,,,,0,0,1,0,1,0,1,0,0,0,0,0,0,0,0,0,,,,,,,,,,,,,,,,,,,,
e3e8ac6b4e5093f303be7e8c385629b8,Pompeii,3,4,,3,1,1,1,1,1,1,1,1,1,1,1,1,,,,,,,,,,,,,,0,0,0,0,1,0,0,0,0,0,1,1,0,0,1,0,,,,,,,,,,,,,,,,,,,,
stylefourb.1,Pompeii,4,3,,3,1,1,0,0,0,1,1,1,1,1,1,1,,,,,,,,,,,,,,0,0,0,0,1,0,0,0,1,1,1,1,1,0,0,0,,,,,,,,,,,,,,,,,,,,
0c35ffbaaf2fcfcc7588b1d54b87b0b9,Stabiae,2,1,,1,0,1,1,1,1,1,1,1,1,1,2,1,,,,,,,,,,,,,,0,0,0,0,0,0,0,0,0,0,0,0,0,0,0,0,,,,,,,,,,,,,,,,,,,,
43bc229177e75b7e9272dea702a51044,Stabiae,1,1,,1,0,0,1,1,1,1,1,0,1,0,0,0,0,0,0,0,0,0,0,0,0,0,0,0,0,0,0,0,0,1,0,1,0,0,0,0,0,0,0,0,0,,,,,,,,,,,,,,,,,,,,
50bbf5687c2c02dccd6e2b1c7ea5c302,Stabiae,4,3,,2,0,1,1,1,1,1,1,1,1,1,2,1,,,,,,,,,,,,,,0,0,0,0,0,0,0,1,1,0,0,0,0,0,0,0,,,,,,,,,,,,,,,,,,,,
40624touractivityimg_9250_large,Stabiae,4,3,,1,1,1,1,1,1,1,1,1,1,1,1,1,,,,,,,,,,,,,,0,0,0,0,1,1,0,0,0,0,0,0,0,0,0,0,,,,,,,,,,,,,,,,,,,,
051114_1570WS_L,Stabiae,1,1,,3,0,1,1,1,1,1,1,1,1,0,0,0,0,0,0,0,0,0,0,0,0,0,0,0,0,0,0,0,0,0,0,0,1,1,0,0,1,0,0,0,0,,,,,,,,,,,,,,,,,,,,
110077c9c79a76d1fee38077a5f9d7a4,Stabiae,2,4,,2,0,1,1,1,0,1,1,1,1,1,0,0,0,0,0,0,0,0,0,0,0,0,0,0,0,0,0,0,0,0,0,0,0,1,1,0,0,0,0,1,0,,,,,,,,,,,,,,,,,,,,
2564043244_9fdeaae991_z,Stabiae,3,2,,1,1,1,0,1,0,1,1,1,1,1,1,1,,,,,,,,,,,,,,0,0,1,0,0,0,0,0,1,0,0,0,0,0,0,0,,,,,,,,,,,,,,,,,,,,
bsao080102402l,Stabiae,2,4,,3,1,1,1,1,1,1,1,1,1,1,1,1,,,,,,,,,,,,,,0,0,1,0,1,0,0,0,1,1,0,1,0,0,1,0,,,,,,,,,,,,,,,,,,,,
Fresco_of_woman_with_tray_in_Villa_San_Marco_retouched,Stabiae,3,1,,1,0,1,1,1,0,1,1,0,1,1,2,1,,,,,,,,,,,,,,0,1,0,0,0,0,0,0,0,0,0,0,0,0,0,0,,,,,,,,,,,,,,,,,,,,
italy-castellammare-di-stabia-neptune-amymone-9511141,Stabiae,4,5,,1,1,1,1,1,1,1,1,1,1,1,1,0,0,0,0,0,0,0,0,0,0,0,0,0,0,0,0,0,0,0,0,0,0,1,1,0,0,0,0,0,0,,,,,,,,,,,,,,,,,,,,
tumblr_117d5f86850392927489fb4e5899df5a_9d4ad7e0_2048,Stabiae,1,1,,1,1,1,1,0,0,1,0,0,1,1,1,1,,,,,,,,,,,,,,0,0,0,0,0,0,0,0,0,0,0,0,0,0,0,0,,,,,,,,,,,,,,,,,,,,
tumblr_niaa6x7dWL1s2x1q2o1_500,Stabiae,4,3,,1,1,1,1,1,0,1,1,1,1,1,2,1,,,,,,,,,,,,,,1,0,0,0,1,0,1,0,0,0,0,0,0,0,0,0,,,,,,,,,,,,,,,,,,,,
va-twitter,Stabiae,2,4,,3,1,1,1,1,1,1,1,1,1,0,0,0,0,0,0,0,0,0,0,0,0,0,0,0,0,0,1,0,0,0,0,0,0,1,1,0,1,0,0,0,0,,,,,,,,,,,,,,,,,,,,
Villa Arianna - the cupid seller,Stabiae,4,3,,2,0,1,1,1,1,1,1,1,1,1,2,1,,,,,,,,,,,,,,0,0,0,0,0,0,0,1,1,0,0,0,0,0,0,0,,,,,,,,,,,,,,,,,,,,
1-venus-painting-in-pompeii-mark-williamsonscience-photo-library,Pompeii,4,3,,1,0,1,1,1,1,1,1,1,1,1,1,0,0,0,0,0,0,0,0,0,0,0,1,0,0,0,0,0,0,0,0,0,1,1,0,0,0,0,0,0,0,,,,,,,,,,,,,,,,,,,,
002b75c5844a52851ded73f73dc26c94,,4,6,,1,0,1,1,1,1,1,1,1,1,1,0,0,0,0,0,0,0,0,0,0,0,0,0,0,0,0,0,0,0,1,1,0,0,1,1,0,0,0,0,0,0,,,,,,,,,,,,,,,,,,,,
3-villa-of-marcus-lucretius-fronto-from-pompeii-estilo-3,,4,6,,3,1,1,1,1,1,1,1,1,1,1,1,1,,,,,,,,,,,,,,0,1,0,0,1,0,1,0,1,0,1,0,1,0,0,1,,,,,,,,,,,,,,,,,,,,
12b30a2c506183682a82d7d4b81062f1,,4,3,,3,1,1,1,1,0,1,1,1,1,1,2,1,,,,,,,,,,,,,,0,1,0,0,1,0,0,0,1,1,1,1,1,0,1,0,,,,,,,,,,,,,,,,,,,,
38a0e522d2477a83049e6e123b5ae555,,4,3,,2,0,1,1,1,1,1,1,1,1,1,1,0,0,0,0,0,0,0,0,0,1,0,0,0,0,0,0,0,0,0,0,0,1,0,1,0,0,0,0,0,0,,,,,,,,,,,,,,,,,,,,
41_00469811_pompeji_pompeii-villa-marittima---wall-painting,,2,4,,1,1,1,1,1,1,1,1,1,1,1,0,0,0,0,0,0,0,0,0,0,0,0,0,0,0,0,0,0,0,1,0,0,0,0,1,0,0,0,0,1,0,,,,,,,,,,,,,,,,,,,,
92bf536757ddfc8f74b6bd898269214f,,3,4,,2,1,1,1,1,1,1,1,1,1,1,1,1,,,,,,,,,,,,,,0,1,1,0,1,0,1,1,1,1,1,0,1,1,0,0,,,,,,,,,,,,,,,,,,,,
220px-Pompeii_-_Casa_dei_Vettii_-_Ixion,,4,3,,2,1,1,1,1,1,1,1,1,1,1,1,0,0,0,0,0,0,1,0,0,0,0,0,0,0,1,0,0,0,0,0,0,1,0,1,0,0,0,0,0,0,,,,,,,,,,,,,,,,,,,,
220px-Pompeii_-_Casa_dei_Vettii_-_Pentheus,Pompeii,4,3,,3,1,1,1,1,1,1,1,1,1,1,1,0,,,,,,,,,,,,,,0,0,0,0,0,0,0,0,1,0,0,0,0,0,0,0,,,,,,,,,,,,,,,,,,,,
1381,,4,3,,2,1,1,0,1,1,1,1,1,1,1,2,1,,,,,,,,,,,,,,0,0,0,0,0,0,0,1,1,1,1,1,1,0,0,0,,,,,,,,,,,,,,,,,,,,
88774-3-Pompeii-Roman-Frescoes-Naples-Museum,,4,2,,2,0,1,1,1,1,1,1,0,1,1,1,1,,,,,,,,,,,,,,0,0,0,0,0,0,0,1,1,0,0,0,0,0,0,0,,,,,,,,,,,,,,,,,,,,
28663362678_c4054ff77d_b,,4,3,,1,1,1,1,1,1,1,1,1,1,1,1,1,,,,,,,,,,,,,,0,0,0,0,0,0,0,1,1,0,0,0,0,0,0,0,,,,,,,,,,,,,,,,,,,,
34365686884_d3ea7927a7_b,,2,3,,2,0,1,0,1,1,1,1,0,1,1,0,0,0,0,0,0,0,0,0,0,0,0,0,0,0,0,1,0,0,0,0,0,1,1,0,0,0,0,0,0,0,,,,,,,,,,,,,,,,,,,,
42597604562_297fc75d3b,,4,3,,2,1,1,1,1,1,1,1,1,1,1,1,1,,,,,,,,,,,,,,0,0,0,0,0,0,0,0,1,1,0,0,0,0,0,0,,,,,,,,,,,,,,,,,,,,
72040332939bf15cf55afcc7d68e477b,,4,5,,3,1,1,1,1,1,1,1,1,1,1,1,2,,,,,,,,,1,,,,,0,0,0,0,1,0,0,0,1,1,0,1,1,0,0,0,,,,,,,,,,,,,,,,,,,,
aa,,3,6,,3,1,1,1,1,1,1,1,1,1,1,2,1,,,,,,,,,,,,,,0,0,0,0,0,0,0,0,1,1,1,0,0,0,0,0,,,,,,,,,,,,,,,,,,,,
amorino-fresco-wall-blue-background-domus-ancient-pompeii-destroyed-vesuvius-bc-amorino-fresco-124926984,,4,4,,1,0,1,1,1,1,1,1,1,1,0,0,0,0,0,0,0,0,0,0,0,0,0,0,0,0,0,0,0,0,1,0,0,1,1,0,0,0,0,0,0,0,,,,,,,,,,,,,,,,,,,,
ancient-fresco-arianna-offers-thread-to-theseus-black-background-pompeii-house-pompeii-was-destroyed-121102917,Pompeii,3,3,,1,1,1,1,1,0,1,1,1,1,1,1,0,1,0,0,0,0,0,0,0,0,0,0,0,0,0,0,0,0,0,0,0,0,1,0,0,0,0,0,0,0,,,,,,,,,,,,,,,,,,,,
ancient-fresco-house-pompeii-ancient-fresco-house-pompeii-pompeii-destroyed-eruption-vesuvius-bc-175586326,Pompeii,4,1,,1,1,1,0,0,0,1,1,0,1,0,0,0,0,0,0,0,0,0,0,0,0,0,0,0,0,0,0,0,0,1,0,0,0,1,0,0,1,0,1,0,0,,,,,,,,,,,,,,,,,,,,
ancient-fresco-house-pompeii-ancient-fresco-house-pompeii-pompeii-destroyed-eruption-vesuvius-bc-194569055,Pompeii,4,4,,5,0,1,1,1,1,1,1,1,1,0,0,0,0,0,0,0,0,0,0,0,0,0,0,0,0,0,0,0,0,1,0,0,1,1,0,0,0,0,0,0,0,,,,,,,,,,,,,,,,,,,,
ancient-fresco-house-pompeii-destroyed-eruption-vesuvius-bc-173156151,Pompeii,4,1,,2,1,0,1,1,0,1,1,0,1,0,0,0,0,0,0,0,0,0,0,0,0,0,0,0,0,0,0,0,0,1,0,0,0,1,0,1,1,0,1,0,0,,,,,,,,,,,,,,,,,,,,
ancient-fresco-house-pompeii-destroyed-eruption-vesuvius-bc-173156215,Pompeii,4,3,,3,1,1,1,1,1,1,1,1,1,1,1,1,,,,,,,,,,,,,,0,0,1,0,1,0,0,0,1,1,0,1,0,1,0,0,,,,,,,,,,,,,,,,,,,,
ancient-fresco-house-pompeii-roman-pompei-destroyed-eruption-vesuvius-bc-150883348,Pompeii,3,2,,1,1,1,0,1,0,1,1,1,1,1,0,0,0,0,0,0,0,0,0,0,0,0,0,0,0,0,0,0,0,0,0,0,0,1,0,0,0,0,0,0,0,,,,,,,,,,,,,,,,,,,,
ancient-fresco-inside-home-golden-cupids-pompeii-italy-house-golden-cupids-112964429,Pompeii,4,6,,1,1,1,1,1,1,1,1,1,1,1,1,1,,,,,,,,,,,,,,0,0,0,0,0,0,0,1,1,1,1,1,0,0,0,1,,,,,,,,,,,,,,,,,,,,
ancient-fresco-inside-house-apollo-pompeii-italy-pompei-apollo-114044360,Pompeii,4,3,,1,0,1,1,1,1,1,1,1,1,1,1,1,,,,,,,,,,,,,,0,0,1,0,0,0,0,1,1,0,0,0,0,0,0,0,,,,,,,,,,,,,,,,,,,,
ancient-fresco-ruins-pompei-italy-173776826,Pompeii,3,3,,2,1,1,1,1,0,1,0,1,1,1,2,1,,,,,,,,,,,,,,0,0,0,0,0,0,0,0,1,1,0,0,0,0,0,0,,,,,,,,,,,,,,,,,,,,
ancient-fresco-ruins-pompei-italy-173776827,Pompeii,3,3,,1,1,1,1,0,1,1,0,1,1,1,2,1,,,,,,,,,,,,,,0,0,0,0,0,0,0,0,1,0,0,0,0,0,0,0,,,,,,,,,,,,,,,,,,,,
ancient-fresco-ruins-pompei-italy-173776834,Pompeii,3,4,,1,1,1,0,1,0,1,0,1,1,1,2,1,,,,,,,,,,,,,,0,0,0,0,0,0,0,0,1,1,0,0,0,0,0,0,,,,,,,,,,,,,,,,,,,,
ancient-fresco-wall-mythological-figures-pompeii-roman-city-destroyed-eruption-volcano-vesuvius-bc-142537167,Pompeii,4,4,,2,1,1,1,1,1,1,1,1,1,1,2,1,,,,,,,,,,,,,,0,0,0,0,1,0,0,0,1,0,0,0,0,0,1,0,,,,,,,,,,,,,,,,,,,,
ancient-frescoed-plaster-house-pompeii-destroyed-eruption-vesuvius-bc-173155921,Pompeii,3,2,,1,1,1,0,1,0,1,1,1,1,1,2,1,,,,,,,,,,,,,,0,0,0,0,0,0,0,0,1,0,0,0,0,0,0,0,,,,,,,,,,,,,,,,,,,,
ancient-mural-fresco-pompeii-italy-painted-ruins-83445378,Pompeii,4,2,,2,1,1,1,1,1,1,1,1,1,1,2,1,,,,,,,,,,,,,,0,0,0,0,0,0,0,0,1,0,0,0,0,0,0,0,,,,,,,,,,,,,,,,,,,,
ancient-painted-fresco-wall-cupid-pompeii-italy-detail-venus-conchiglia-roman-city-which-was-destroyed-buried-100116746,Pompeii,4,2,,1,1,1,1,1,1,1,1,1,1,0,0,0,0,0,0,0,0,0,0,0,0,0,0,0,0,0,0,0,0,0,0,0,1,1,0,0,0,0,0,0,0,,,,,,,,,,,,,,,,,,,,
ancient-pompei-fresco-winged-soldier-chariot-ancient-pompei-fresco-winged-soldier-chariot-pompeii-was-146208826,Pompeii,4,8,,2,1,1,1,1,0,1,1,0,1,1,1,1,,,,,,,,,,,,,,0,0,0,0,1,0,0,0,1,1,0,1,1,0,0,0,,,,,,,,,,,,,,,,,,,,
ancient-pompei-fresco-winged-soldier-spear-shield-pompeii-was-destroyed-volcanic-eruption-vesuvius-bc-146208794,Pompeii,2,1,,1,1,1,1,1,0,1,1,1,1,1,1,1,,,,,,,,,,,,,,0,0,0,0,0,0,0,0,0,0,0,0,0,0,0,1,,,,,,,,,,,,,,,,,,,,
ancient-roman-actor-mask-fresco-house-pompeii-destroyed-eruption-vesuvius-bc-italy-173156210,Pompeii,4,3,,1,1,1,1,1,1,1,1,0,1,0,0,0,0,0,0,0,0,0,0,0,0,0,0,0,0,0,0,1,0,0,0,0,0,1,1,0,0,0,0,0,0,,,,,,,,,,,,,,,,,,,,
ancient-roman-actor-mask-fresco-house-pompeii-destroyed-eruption-vesuvius-bc-italy-173828238,Pompeii,4,3,,2,1,1,1,1,1,1,1,1,1,0,0,0,0,0,0,0,0,0,0,0,0,0,0,0,0,0,1,1,0,1,0,1,0,1,0,0,0,0,0,0,0,,,,,,,,,,,,,,,,,,,,
ancient-roman-actor-mask-fresco-house-pompeii-destroyed-eruption-vesuvius-bc-winged-cupids-fight-little-gods-rome-175520039,Pompeii,4,2,,1,1,1,1,1,1,1,1,1,1,0,0,0,0,0,0,0,0,0,0,0,0,0,0,0,0,0,1,1,0,0,0,0,0,1,1,0,0,0,0,0,0,,,,,,,,,,,,,,,,,,,,
ancient-roman-art-magnificent-fresco-fourth-style-showing-entrance-gate-to-home-guarded-griffons-angels-31556395,,4,6,,3,1,1,1,1,1,1,1,1,1,0,0,0,0,0,0,0,0,0,0,0,0,0,0,0,0,0,0,0,0,0,0,0,0,1,1,0,1,0,1,1,1,,,,,,,,,,,,,,,,,,,,
ancient-roman-fresco-detail-third-style-decorative-luxury-villa-symmetrical-panels-framed-ionic-columns-31331531,,3,3,,4,1,1,0,1,1,1,1,1,1,0,0,0,0,0,0,0,0,0,0,0,0,0,0,0,0,0,0,0,0,0,0,0,0,1,1,0,0,0,1,0,0,,,,,,,,,,,,,,,,,,,,
ancient-roman-fresco-naples-italy-march-represented-scene-mitology-villa-oplontis-march-naples-italy-63123243,Oplontis,3,3,,2,1,1,0,1,1,1,1,1,1,0,0,0,0,0,0,0,0,0,0,0,0,0,0,0,0,0,0,0,0,1,0,1,0,1,0,0,1,0,0,0,0,,,,,,,,,,,,,,,,,,,,
ancient-roman-fresco-pompeii-italy-europe-remains-122302051,Pompeii,2,4,,1,1,1,0,1,0,1,1,1,1,1,1,1,,,,,,,,,,,,,,0,0,0,0,0,0,0,0,1,0,0,0,0,0,0,0,,,,,,,,,,,,,,,,,,,,
ancient-roman-painting-26349801,,4,3,,1,1,1,1,1,1,1,1,1,1,1,2,1,,,,,,,,,,,,,,0,0,1,0,1,1,1,0,1,0,0,0,0,1,0,1,,,,,,,,,,,,,,,,,,,,
ancient-roman-soldier-war-ship-ancient-fresco-house-pompeii-pompeii-destroyed-eruption-vesuvius-bc-194476544,Pompeii,4,4,,1,1,1,1,1,1,1,1,1,1,0,1,0,0,0,1,0,0,0,0,0,0,0,0,0,0,0,0,1,0,0,0,0,0,1,1,0,1,0,0,0,0,,,,,,,,,,,,,,,,,,,,
ancient-roman-villa-fresco-red-background-domus-pompeii-pompeii-buried-volcanic-eruption-vesuvius-ad-143597134,Pompeii,2,4,,1,1,1,1,1,0,1,1,1,1,1,0,0,0,0,0,0,0,0,0,0,0,0,0,0,0,0,0,0,0,0,0,0,0,1,1,0,0,0,0,1,0,,,,,,,,,,,,,,,,,,,,
ancient-wall-extant-mural-fresco-roman-citizen-preserved-its-original-appearance-pompeii-house-43085912,Pompeii,3,2,,1,0,1,1,1,0,1,1,1,1,1,1,1,0,0,0,0,0,0,0,0,0,0,0,0,0,0,0,0,0,0,0,0,0,1,0,1,0,0,0,0,0,,,,,,,,,,,,,,,,,,,,
ancient-wall-extant-mural-fresco-roman-goddess-venera-preserved-its-original-appearance-pompeii-house-42862335,Pompeii,3,4,,1,1,1,1,1,1,1,1,0,1,1,1,0,0,0,0,0,0,0,0,0,0,0,1,0,0,0,0,0,0,0,1,0,1,1,0,0,0,0,0,0,0,,,,,,,,,,,,,,,,,,,,
ancient-wall-painting-hercules-minerva-juno-herculaneum-italy-two-thousand-year-old-fresco-excavated-town-113569704,Herculaneum,4,3,,1,1,1,1,1,0,1,1,1,1,1,1,0,0,0,0,0,0,0,0,0,1,0,0,0,0,0,0,0,0,0,0,0,0,1,1,0,0,0,1,0,0,,,,,,,,,,,,,,,,,,,,
antique-painting-art-ancient-fresco-tavern-building-pompeii-italy-beautiful-retro-decoration-roman-kitchen-ruins-ital-121779650,Pompeii,4,4,,1,1,1,1,1,0,1,1,1,1,1,2,1,,,,,,,,,,,,,,0,0,0,0,0,0,0,0,1,1,0,1,1,1,0,1,,,,,,,,,,,,,,,,,,,,
art-oplontis-ancient-roman-fresco-italy-41391895,Oplontis,2,6,,4,1,1,1,1,1,1,1,1,1,1,1,1,0,0,0,1,0,0,0,0,0,0,0,0,0,0,0,1,0,1,0,1,0,1,1,0,1,0,0,1,1,,,,,,,,,,,,,,,,,,,,
banner_x2048,,2,4,,3,1,1,0,1,1,1,1,0,1,0,1,0,0,0,0,1,0,0,0,0,0,0,0,0,0,0,0,0,0,0,0,0,0,0,1,1,1,0,0,1,0,,,,,,,,,,,,,,,,,,,,
bird,,4,2,,1,1,1,0,0,1,1,1,0,1,0,0,0,0,0,0,0,0,0,0,0,0,0,0,0,0,0,0,0,0,1,0,1,0,0,0,0,0,0,0,0,0,,,,,,,,,,,,,,,,,,,,
cf2bf5ec9e9a64547efa7b528664bb04,,1,1,,1,1,1,1,1,0,1,1,1,1,1,1,1,,,,,,,,,,,,,,0,0,0,0,0,0,0,0,1,0,0,0,0,0,0,0,,,,,,,,,,,,,,,,,,,,
chariot-race-mural-pompeii-14159978,Pompeii,4,3,,1,1,1,0,1,0,1,1,1,1,1,0,0,0,0,0,0,0,0,0,0,0,0,0,0,0,0,0,0,0,1,0,0,0,1,0,0,0,0,0,0,0,,,,,,,,,,,,,,,,,,,,
charity-ancient-roman-fresco-showing-beggar-couple-walking-past-turning-their-heads-away-31331064,Pompeii,1,2,,1,1,1,1,1,1,1,1,1,1,1,0,0,0,0,0,0,0,0,0,0,0,0,0,0,0,0,0,0,0,0,0,0,0,1,0,0,0,0,0,0,0,,,,,,,,,,,,,,,,,,,,
clothing-ancient-rome-figure-roman-man-painted-fresco-domus-pompeii-city-unesco-heritage-site-destroyed-eruption-143586201,Pompeii,3,1,,1,1,1,1,1,1,1,1,1,1,1,0,0,0,0,0,0,0,0,0,0,0,0,0,0,0,0,0,0,0,0,0,0,0,0,0,0,0,0,0,0,0,,,,,,,,,,,,,,,,,,,,
clothing-ancient-rome-figure-roman-man-painted-fresco-domus-pompeii-city-unesco-heritage-site-destroyed-eruption-143586296,Pompeii,3,1,,1,1,1,1,1,1,1,1,1,1,1,0,0,0,0,0,0,0,0,0,0,0,0,0,0,0,0,0,0,0,0,0,0,0,0,0,0,0,0,0,0,0,,,,,,,,,,,,,,,,,,,,
clothing-ancient-rome-figure-roman-man-painted-fresco-domus-pompeii-city-unesco-heritage-site-destroyed-eruption-146211668,Pompeii,3,3,,1,1,1,1,1,1,1,0,1,1,1,2,1,,,,,,,,,,,,,,0,0,0,0,0,0,0,0,1,0,0,0,0,0,0,0,,,,,,,,,,,,,,,,,,,,
d261749fd0bc19165279e366bd88c4f4,,1,1,,1,1,1,1,1,1,1,1,1,1,1,0,0,0,,0,0,0,0,0,0,0,0,0,0,0,0,0,0,0,0,0,0,0,1,0,0,0,0,0,0,0,,,,,,,,,,,,,,,,,,,,
decoration-female-figure-fresco-ancient-pompeii-decoration-female-figure-fresco-ancient-pompeii-pompeii-147839547,Pompeii,1,1,,1,1,1,0,1,0,1,1,1,1,1,1,1,0,0,0,0,0,0,0,0,0,0,0,0,0,0,1,0,0,0,0,0,0,0,0,0,0,0,0,0,0,,,,,,,,,,,,,,,,,,,,
detail-ancient-fresco-bird-house-pompeii-detail-ancient-fresco-bird-house-pompeii-pompeii-was-148350288,Pompeii,3,1,,1,0,1,0,1,0,1,1,0,1,0,0,0,0,0,0,0,0,0,0,0,0,0,0,0,0,0,0,0,0,1,0,1,0,1,1,0,0,0,0,0,0,,,,,,,,,,,,,,,,,,,,
detail-ancient-fresco-winged-deities-house-pompeii-detail-ancient-fresco-winged-deities-house-pompeii-148349152,,1,1,,1,1,1,0,1,1,1,1,1,1,1,2,1,,,,,,,,,,,,,,0,0,0,0,0,0,0,2,0,0,0,0,0,0,0,0,,,,,,,,,,,,,,,,,,,,
detail-color-image-fresco-ancient-city-pompeii-pompeii-fresco-120061690,Pompeii,1,2,,1,1,1,1,1,0,1,1,1,1,0,0,0,0,0,0,0,0,0,0,0,0,0,0,0,0,0,0,0,0,0,0,0,1,1,0,0,0,0,0,0,0,,,,,,,,,,,,,,,,,,,,
detail-color-image-fresco-ancient-city-pompeii-pompeii-fresco-122447805,Pompeii,3,1,,1,1,1,0,1,1,1,1,1,1,1,0,0,0,0,1,0,0,0,0,0,0,0,0,0,0,0,0,0,0,0,0,0,0,0,1,0,0,0,0,1,0,,,,,,,,,,,,,,,,,,,,
detail-color-image-fresco-ancient-city-pompeii-pompeii-fresco-122447942,Pompeii,4,2,,2,1,1,1,1,0,1,1,1,1,1,2,1,,,,,,,,,,,,,,0,0,0,0,1,0,0,0,1,0,0,0,0,0,0,0,,,,,,,,,,,,,,,,,,,,
detail-color-image-fresco-ancient-city-pompeii-pompeii-fresco-132491125,Pompeii,3,2,,1,1,1,0,1,1,1,0,1,1,1,2,1,,,,,,,,,,,,,,0,0,0,0,0,0,0,0,1,0,0,0,0,0,0,0,,,,,,,,,,,,,,,,,,,,
detail-mural-painting-pompeii-interior-ancient-house-43806066,Pompeii,4,4,,1,1,1,1,1,1,1,1,1,1,1,2,1,,,,,,,,,,,,,,0,0,0,0,0,0,0,0,1,0,0,0,0,0,0,0,,,,,,,,,,,,,,,,,,,,
details-frescos-rooms-ruined-roman-villa-ancient-roman-city-pompeii-near-modern-naples-italy-pompeii-along-121898888,Pompeii,1,1,,1,1,1,0,0,0,1,0,1,1,1,2,1,,,,,,,,,,,,,,0,0,0,0,0,0,0,0,0,0,0,0,0,0,0,0,,,,,,,,,,,,,,,,,,,,
DiVJQ7nX0AE8BKu,,3,2,,1,1,1,1,1,1,1,1,1,1,1,1,1,,,,,,,,,,,,,,0,0,0,0,1,0,1,0,1,0,0,0,0,0,0,0,,,,,,,,,,,,,,,,,,,,
especially-fresco-house-pompeii-was-destroyed-catastrophic-eruption-volcano-vesuvius-spanning-ad-78359560,Pompeii,4,2,,1,1,1,1,1,0,1,1,1,1,1,0,0,0,0,0,0,0,0,0,0,0,0,0,0,0,0,0,0,0,0,0,0,0,1,0,0,0,0,0,0,0,,,,,,,,,,,,,,,,,,,,
figure-woman-lion-painted-cool-black-background-domus-pompeii-ancient-roman-city-unesco-heritage-site-destroyed-143587231,Pompeii,2,2,,3,1,1,0,1,1,1,1,1,1,1,1,1,,,,,,,,,,,,,,0,0,0,0,1,0,0,0,0,0,0,1,0,1,1,0,,,,,,,,,,,,,,,,,,,,
figure-woman-painted-cool-black-background-domus-pompeii-ancient-roman-city-unesco-heritage-site-destroyed-143587023,Pompeii,1,1,,1,1,1,1,1,0,0,1,0,1,1,0,0,0,0,0,0,0,0,0,0,0,0,0,0,0,0,1,0,0,0,0,0,0,1,0,0,0,0,0,0,0,,,,,,,,,,,,,,,,,,,,
figure-woman-painted-cool-black-background-domus-pompeii-ancient-roman-city-unesco-heritage-site-destroyed-143587120,Pompeii,1,1,,2,1,1,1,1,0,0,1,0,1,1,0,0,0,0,0,0,0,0,0,0,0,0,0,0,0,0,1,0,0,0,0,0,0,1,0,0,0,0,0,0,0,,,,,,,,,,,,,,,,,,,,
figure-woman-painted-fresco-domus-pompeii-ancient-roman-city-unesco-heritage-site-destroyed-eruption-vesuvius-bc-143270608,Pompeii,3,1,,1,1,1,1,1,0,1,0,1,1,1,2,1,,,,,,,,,,,,,,0,0,0,0,0,0,0,0,0,0,0,0,0,0,0,0,,,,,,,,,,,,,,,,,,,,
figure-woman-painted-fresco-domus-pompeii-ancient-roman-city-unesco-heritage-site-destroyed-eruption-vesuvius-bc-143271319,Pompeii,3,1,,1,1,1,1,1,1,1,1,1,1,1,2,1,,,,,,,,,,,,,,0,1,0,0,0,0,0,0,0,0,0,0,0,0,0,0,,,,,,,,,,,,,,,,,,,,
figure-woman-painted-fresco-domus-pompeii-figure-woman-painted-fresco-domus-pompeii-143597256,Pompeii,4,1,,1,1,1,1,1,0,1,0,1,1,1,2,1,,,,,,,,,,,,,,0,0,0,0,0,0,0,0,0,0,0,0,0,0,0,1,,,,,,,,,,,,,,,,,,,,
figure-woman-painted-fresco-domus-pompeii-italy-figure-woman-painted-fresco-domus-pompeii-143057151,Pompeii,4,1,,1,1,1,1,1,0,1,0,1,1,1,2,1,,,,,,,,,,,,,,0,0,0,0,0,0,0,0,0,0,0,0,0,0,0,1,,,,,,,,,,,,,,,,,,,,
"Fourth_Style_wall_painting_with_naumachia_(triremes),_a_detail_from_a_panel_from_the_portico_of_the_Temple_of_Isis_in_Pompeii,_Naples_National_Archaeological_Museum_(14606067613)",Pompeii,4,3,,1,1,1,1,1,1,1,1,1,1,0,0,0,0,0,0,0,0,0,0,0,0,0,0,0,0,0,0,0,0,0,0,0,0,1,0,0,0,0,0,0,0,,,,,,,,,,,,,,,,,,,,
fresco_juliafelix2,,2,3,,8,1,1,0,1,1,1,1,1,1,1,0,0,0,0,0,0,0,0,0,0,0,0,0,0,0,0,0,0,0,0,0,0,0,1,1,0,0,0,1,1,0,,,,,,,,,,,,,,,,,,,,
fresco-ares-aphrodite-pompeii-pompei-naples-italy-fresco-pompeii-pompei-187172978,Pompeii,4,3,,1,1,1,1,1,1,1,1,1,1,1,1,0,0,0,0,0,0,0,0,0,0,0,0,0,0,0,0,0,0,0,0,0,0,1,0,0,0,0,0,0,0,,,,,,,,,,,,,,,,,,,,
fresco-ekklesiasterion-pompeii-pompei-naples-italy-fresco-pompeii-pompei-187172947,Pompeii,4,6,,1,0,1,1,1,1,1,1,0,1,1,1,1,,,,,,,,,,,,,,0,0,0,0,1,1,1,0,0,1,1,1,0,0,1,0,,,,,,,,,,,,,,,,,,,,
fresco-ekklesiasterion-pompeii-pompei-naples-italy-fresco-pompeii-pompei-187173293,Pompeii,2,3,,1,1,1,1,1,1,1,1,1,1,1,2,1,,,,,,,,,,,,,,0,0,0,0,0,0,0,0,1,0,0,0,0,0,0,0,,,,,,,,,,,,,,,,,,,,
fresco-ekklesiasterion-pompeii-pompei-naples-italy-fresco-pompeii-pompei-187173306,Pompeii,4,3,,1,0,1,0,1,1,1,1,1,1,1,1,1,0,0,0,0,0,0,0,0,0,0,0,0,0,0,0,0,0,1,1,0,0,1,1,0,1,0,1,0,0,,,,,,,,,,,,,,,,,,,,
fresco-ekklesiasterion-pompeii-pompei-naples-italy-fresco-pompeii-pompei-187173314,Pompeii,4,4,,3,1,1,1,1,1,1,1,1,1,1,1,1,0,0,0,0,0,0,0,0,0,0,0,0,0,0,0,0,0,1,1,1,0,0,1,0,1,0,0,0,0,,,,,,,,,,,,,,,,,,,,
fresco-ekklesiasterion-pompeii-pompei-naples-italy-fresco-pompeii-pompei-187183055,Pompeii,4,4,,3,1,1,1,1,1,1,1,1,1,1,1,1,0,0,0,0,0,0,0,0,0,0,0,0,0,0,0,0,0,1,1,1,0,0,1,0,1,0,0,0,0,,,,,,,,,,,,,,,,,,,,
fresco-herculaneum-found-italy-40340231,Herculaneum,2,4,,3,1,1,1,1,0,1,0,1,1,1,1,1,,,,,,,,,,,,,,0,0,0,0,1,0,0,0,1,1,0,0,0,0,0,0,,,,,,,,,,,,,,,,,,,,
fresco-house-ancient-pompeii-marco-lucrezio-frontone-tablinum-buried-volcanic-eruption-vesuvius-ad-120965924,Pompeii,4,2,,1,1,1,1,1,1,1,1,1,1,1,1,1,,,,,,,,,,,,,,0,0,0,0,1,0,0,0,1,0,0,0,0,0,0,0,,,,,,,,,,,,,,,,,,,,
fresco-house-pompeii-especially-ruined-partially-buried-roman-town-city-near-modern-naples-italian-56169452,Pompeii,1,2,,1,1,1,1,1,1,1,1,1,1,1,0,0,0,0,0,0,0,0,0,0,0,0,0,0,0,0,0,0,0,0,0,0,0,1,0,0,0,0,0,0,0,,,,,,,,,,,,,,,,,,,,
fresco-nereid-marine-panther-stabiae-naples-italy-fresco-pompeii-pompei-187183028,Pompeii,4,1,,1,1,1,1,1,1,1,1,1,1,1,2,1,,,,,,,,,,,,,,0,1,0,0,0,0,0,0,1,0,0,0,0,0,0,0,,,,,,,,,,,,,,,,,,,,
fresco-nymph-io-saved-hermes-pompeii-fresco-nymph-io-saved-hermes-temple-isis-pompeii-pompeii-147842129,Pompeii,4,3,,2,1,1,1,1,0,1,1,1,1,1,1,0,0,0,0,0,0,0,0,0,0,0,0,0,0,0,0,0,0,1,0,0,0,0,0,0,0,0,0,0,0,,,,,,,,,,,,,,,,,,,,
fresco-pompeian-ancient-roman-house-pompeii-naples-italy-104910100,Pompeii,4,2,,2,1,1,1,1,1,1,1,1,1,1,0,0,0,0,0,0,0,0,0,0,0,0,0,0,0,0,0,0,0,0,0,0,0,1,0,0,0,0,0,0,1,,,,,,,,,,,,,,,,,,,,
fresco-pompeii-28206568,Pompeii,4,1,,2,1,1,1,1,1,1,1,1,1,1,2,1,,,,,,,,,,,,,,0,0,0,0,1,0,0,0,1,0,0,0,0,0,0,0,,,,,,,,,,,,,,,,,,,,
fresco-pompeii-especially-house-ruined-partially-buried-roman-town-city-near-modern-naples-italian-56169377,Pompeii,1,2,,1,1,1,1,1,1,1,1,1,1,1,0,0,0,0,0,0,0,0,0,0,0,0,0,0,0,0,0,0,0,0,0,0,0,1,0,0,0,0,0,0,0,,,,,,,,,,,,,,,,,,,,
fresco-pompeii-near-naples-italy-wall-painting-return-chryseis-cressida-ancient-roman-mural-inside-house-old-142757686,Pompeii,4,3,,2,1,1,1,1,0,1,1,1,1,1,1,0,0,0,0,0,0,0,0,0,0,0,0,0,0,0,0,0,0,0,0,0,0,1,0,0,0,0,0,0,0,,,,,,,,,,,,,,,,,,,,
fresco-pompeii-pompei-fresco-pompeii-pompei-naples-italy-187172936,Pompeii,4,5,,3,1,1,1,1,1,1,1,1,1,1,1,1,0,0,0,0,0,0,0,0,0,0,0,0,0,0,0,0,0,1,1,1,0,0,1,0,1,0,0,0,0,,,,,,,,,,,,,,,,,,,,
fresco-pompeii-pompei-fresco-pompeii-pompei-naples-italy-187173031,Pompeii,2,5,,3,1,1,1,1,0,1,1,1,1,1,0,0,0,0,0,0,0,0,0,0,0,0,0,0,0,0,0,0,0,1,0,0,1,1,1,1,1,0,0,0,0,,,,,,,,,,,,,,,,,,,,
fresco-pompeii-pompei-fresco-pompeii-pompei-naples-italy-187173046,Pompeii,2,4,,1,1,1,1,1,0,1,1,0,1,1,0,0,0,0,0,0,0,0,0,0,0,0,0,0,0,0,0,0,0,1,0,0,0,1,1,0,0,0,0,0,0,,,,,,,,,,,,,,,,,,,,
fresco-pompeii-pompei-fresco-pompeii-pompei-naples-italy-187173066,Pompeii,4,1,,1,1,1,0,1,1,1,1,1,1,1,1,1,,,,,,,,,,,,,,0,0,0,0,0,0,0,0,1,0,0,0,0,0,0,0,,,,,,,,,,,,,,,,,,,,
fresco-pompeii-pompei-fresco-pompeii-pompei-naples-italy-187173071,Pompeii,4,1,,1,1,1,0,1,0,1,1,1,1,1,1,1,,,,,,,,,,,,,,0,0,0,0,0,0,0,0,0,0,0,0,0,0,0,0,,,,,,,,,,,,,,,,,,,,
fresco-pompeii-pompei-fresco-pompeii-pompei-naples-italy-187173085,Pompeii,4,1,,1,1,1,1,1,0,1,1,1,1,1,1,1,,,,,,,,,,,,,,0,0,0,0,0,0,0,0,0,0,0,0,0,0,0,0,,,,,,,,,,,,,,,,,,,,
fresco-pompeii-pompei-fresco-pompeii-pompei-naples-italy-187173101,Pompeii,4,4,,1,1,1,1,1,1,1,1,1,1,1,1,1,0,0,0,0,0,0,0,0,0,0,0,0,0,0,0,0,0,1,1,0,0,0,1,0,0,0,0,0,0,,,,,,,,,,,,,,,,,,,,
fresco-pompeii-pompei-fresco-pompeii-pompei-naples-italy-187173113,Pompeii,2,3,,3,0,1,1,1,1,1,1,1,1,1,2,1,,,,,,,,,,,,,,0,0,0,0,0,0,0,0,0,1,0,0,0,0,0,0,,,,,,,,,,,,,,,,,,,,
fresco-pompeii-pompei-fresco-pompeii-pompei-naples-italy-187173118,Pompeii,4,3,,1,1,0,1,1,1,1,1,1,1,1,1,1,0,0,0,0,0,0,0,0,0,0,0,0,0,0,0,0,0,1,1,0,0,0,1,0,0,0,0,0,0,,,,,,,,,,,,,,,,,,,,
fresco-pompeii-pompei-fresco-pompeii-pompei-naples-italy-187173133,Pompeii,4,3,,3,1,1,1,1,1,1,1,1,1,1,0,0,0,0,0,0,0,0,0,0,0,0,0,0,0,0,0,0,0,1,0,0,0,0,0,0,0,0,0,0,0,,,,,,,,,,,,,,,,,,,,
fresco-pompeii-pompei-fresco-pompeii-pompei-naples-italy-187173135,Pompeii,4,2,,2,1,1,1,1,1,1,1,1,1,1,1,1,,,,,,,,,,,,,,0,0,0,0,0,0,0,0,0,0,0,0,0,0,0,0,,,,,,,,,,,,,,,,,,,,
fresco-pompeii-pompei-fresco-pompeii-pompei-naples-italy-187173219,Pompeii,4,1,,3,1,1,1,1,0,1,1,1,1,1,1,1,,,,,,,,,,,,,,0,0,0,0,1,0,0,0,0,0,0,0,0,1,0,1,,,,,,,,,,,,,,,,,,,,
fresco-pompeii-pompei-fresco-pompeii-pompei-naples-italy-187173227,Pompeii,4,3,,3,1,1,1,1,1,1,1,1,1,1,1,1,,,,,,,,,,,,,,0,0,0,0,0,0,0,0,0,1,0,0,0,0,0,0,,,,,,,,,,,,,,,,,,,,
fresco-pompeii-pompei-fresco-pompeii-pompei-naples-italy-187182835,Pompeii,4,7,,1,1,1,1,1,1,1,1,1,1,1,1,1,0,0,0,0,0,0,0,0,0,0,0,0,0,0,0,0,0,0,0,0,0,0,1,0,1,1,0,0,0,,,,,,,,,,,,,,,,,,,,
fresco-pompeii-pompei-fresco-pompeii-pompei-naples-italy-187182876,Pompeii,4,4,,2,1,1,1,1,1,1,1,1,1,1,2,1,,,,,,,,,,,,,,0,0,0,0,1,0,0,0,1,1,0,0,0,0,0,0,,,,,,,,,,,,,,,,,,,,
fresco-pompeii-pompei-fresco-pompeii-pompei-naples-italy-187182883,Pompeii,3,6,,4,1,1,1,1,0,1,1,0,1,1,2,1,,,,,,,,,,,,,,0,1,1,0,1,0,0,0,1,1,1,1,0,0,1,0,,,,,,,,,,,,,,,,,,,,
fresco-pompeii-pompei-fresco-pompeii-pompei-naples-italy-187182886,Pompeii,1,2,,3,0,1,1,1,1,1,1,0,1,1,0,0,0,0,0,0,0,0,0,0,0,0,0,0,0,0,0,0,0,0,0,0,0,0,1,0,0,0,0,0,0,,,,,,,,,,,,,,,,,,,,
fresco-pompeii-pompei-fresco-pompeii-pompei-naples-italy-187182998,Pompeii,4,4,,1,1,1,1,1,0,1,1,1,1,1,1,1,,,,,,,,,,,,,,0,0,1,0,0,0,0,0,1,0,0,0,0,0,0,0,,,,,,,,,,,,,,,,,,,,
fresco-pompeii-pompei-fresco-pompeii-pompei-naples-italy-187183008,Pompeii,4,4,,1,1,1,1,1,1,1,1,1,1,1,0,0,0,0,0,0,0,0,0,0,0,0,0,0,0,0,0,0,0,0,0,0,0,1,1,0,0,0,0,0,1,,,,,,,,,,,,,,,,,,,,
fresco-pompeii-pompei-fresco-pompeii-pompei-naples-italy-187183010,Pompeii,4,5,,2,1,1,0,1,1,1,1,1,1,1,1,1,,,,,,,,,,,,,,0,0,0,0,1,0,0,0,1,0,0,0,0,0,1,0,,,,,,,,,,,,,,,,,,,,
fresco-pompeii-pompei-fresco-pompeii-pompei-naples-italy-187183042,Pompeii,1,2,,6,1,1,1,1,1,1,1,1,1,1,0,0,0,0,0,0,0,0,0,0,0,0,0,0,0,0,0,0,0,0,0,0,0,0,1,0,0,0,0,0,0,,,,,,,,,,,,,,,,,,,,
fresco-pompeii-ruins-italy-city-was-ancient-roman-town-city-near-modern-naples-italian-region-campania-60615396,Pompeii,1,3,,3,1,1,1,1,0,1,1,0,1,1,0,0,0,0,0,0,0,0,0,0,0,0,0,0,0,0,0,0,0,0,0,0,0,1,0,0,0,0,0,0,0,,,,,,,,,,,,,,,,,,,,
fresco-pompeii-ruins-italy-city-was-ancient-roman-town-city-near-modern-naples-italian-region-campania-60615417,Pompeii,3,4,,3,1,1,1,1,1,1,1,1,1,1,0,0,0,0,0,0,0,0,0,0,0,0,0,0,0,0,0,0,0,0,0,0,0,1,1,0,0,0,1,0,1,,,,,,,,,,,,,,,,,,,,
fresco-pompeii-ruins-italy-city-was-ancient-roman-town-city-near-modern-naples-italian-region-campania-60615418,Pompeii,3,2,,3,0,1,0,1,1,1,1,1,1,1,2,1,,,,,,,,,,,,,,0,0,0,0,0,0,0,0,1,0,0,0,0,0,0,0,,,,,,,,,,,,,,,,,,,,
fresco-portait-baker-paquio-proculo-terentios-neo-his-wife-pompeii-pompei-naples-italy-fresco-pompeii-pompei-187173871,Pompeii,4,2,,2,1,1,0,1,0,1,1,1,1,1,0,0,0,0,0,0,0,0,0,0,0,0,0,0,0,0,0,0,0,0,0,0,0,1,0,0,0,0,0,0,0,,,,,,,,,,,,,,,,,,,,
fresco-venus-mars-house-ancient-pompeii-wall-tablinum-fresco-venus-mars-house-ancient-120965105,Pompeii,4,4,,3,1,1,1,1,1,1,1,1,1,1,1,0,0,0,0,0,0,0,0,0,0,0,1,0,0,0,0,0,0,0,0,0,0,1,1,1,0,0,0,1,0,,,,,,,,,,,,,,,,,,,,
fresco-winged-cupid-domus-ancient-pompeii-fresco-winged-cupid-domus-ancient-pompeii-ancient-roman-city-143597174,Pompeii,4,1,,1,1,1,1,1,0,1,1,1,1,1,0,0,0,0,0,0,0,0,0,0,0,0,0,0,0,0,0,0,0,0,0,0,1,0,0,0,0,0,0,0,0,,,,,,,,,,,,,,,,,,,,
frescoed-wall-pompeian-red-pompeii-frescoed-wall-pompeian-red-golden-decoration-pompeii-italy-125928183,Pompeii,3,1,,1,1,1,0,0,0,0,0,0,0,0,0,0,0,0,0,0,0,0,0,0,0,0,0,0,0,0,0,0,0,0,0,0,0,0,0,0,0,0,0,0,0,,,,,,,,,,,,,,,,,,,,
frescoes-pompeii-ruines-naples-italy-aqa-may-ruins-old-city-near-may-40923393,Pompeii,4,2,,2,1,1,1,1,0,1,1,1,1,1,2,1,,,,,,,,,,,,,,0,0,0,0,0,0,0,0,0,0,0,0,0,0,0,0,,,,,,,,,,,,,,,,,,,,
frescoes-pompeii-ruines-naples-italy-aqa-may-ruins-old-city-near-may-40923523,Pompeii,4,3,,3,1,1,1,1,1,1,1,1,1,1,1,0,,,,,,,,,,,,,,0,0,0,0,0,0,0,0,1,0,0,0,0,0,0,0,,,,,,,,,,,,,,,,,,,,
frescoes-pompeii-ruines-naples-italy-ruins-old-city-near-40922590,Pompeii,4,3,,1,1,1,1,1,0,1,1,1,1,1,1,1,,,,,,,,,,,,,,0,0,0,0,0,0,0,0,1,0,0,0,0,0,0,0,,,,,,,,,,,,,,,,,,,,
frescoes-pompeii-ruines-naples-italy-ruins-old-city-near-40922618,Pompeii,4,2,,3,1,1,1,1,0,1,1,1,1,1,2,1,,,,,,,,,,,,,,0,0,0,0,0,0,0,0,0,0,0,0,0,0,1,0,,,,,,,,,,,,,,,,,,,,
frescoes-pompeii-ruines-naples-italy-ruins-old-city-near-40922628,Pompeii,4,3,,1,1,1,0,1,1,1,1,0,1,0,0,0,0,0,0,0,0,0,0,0,0,0,0,0,0,0,0,0,0,1,0,1,0,0,0,0,0,0,0,0,0,,,,,,,,,,,,,,,,,,,,
frescoes-pompeii-ruines-naples-italy-ruins-old-city-near-40922979,Pompeii,4,4,,1,1,1,0,1,0,1,1,1,1,1,2,1,,,,,,,,,,,,,,0,0,0,0,0,0,0,1,1,0,0,0,0,0,0,0,,,,,,,,,,,,,,,,,,,,
frescoes-pompeii-ruines-naples-italy-ruins-old-city-near-40923056,Pompeii,4,2,,3,1,1,1,1,1,1,1,1,1,1,0,0,0,0,0,0,0,0,0,0,0,0,0,0,0,0,0,1,0,0,0,0,0,0,0,0,0,0,0,0,0,,,,,,,,,,,,,,,,,,,,
frescoes-pompeii-ruines-naples-italy-ruins-old-city-near-40923059,Pompeii,4,2,,2,1,1,0,1,0,1,1,1,1,1,0,0,0,0,0,0,0,0,0,0,0,0,0,0,0,0,0,0,0,0,0,0,0,0,0,0,0,0,0,0,0,,,,,,,,,,,,,,,,,,,,
frescoes-pompeii-ruines-naples-italy-ruins-old-city-near-40923218,Pompeii,4,3,,3,1,1,1,1,1,1,1,1,1,1,0,0,0,0,0,0,0,0,0,0,0,0,0,0,0,0,0,0,0,0,0,0,0,1,1,0,0,0,1,0,1,,,,,,,,,,,,,,,,,,,,
frescoes-pompeii-ruines-naples-italy-ruins-old-city-near-40923285,Pompeii,4,3,,1,1,1,1,1,1,1,1,1,1,1,2,1,,,,,,,,,,,,,,0,0,0,0,0,0,0,0,0,1,0,0,0,0,0,0,,,,,,,,,,,,,,,,,,,,
gwip7acgpvs7mzfxu4r3,,3,4,,5,1,1,1,1,0,1,1,1,1,1,1,0,0,0,0,0,0,0,0,0,1,0,0,0,0,0,0,0,0,1,0,0,0,1,1,1,1,0,0,0,0,,,,,,,,,,,,,,,,,,,,
herculaneum-ancient-roman-town-neptune-aimone-fresco-wall-painting-ercolano-italy-archeological-site-142095879,Herculaneum,4,3,,5,1,1,1,1,0,1,1,1,1,1,1,0,0,0,0,0,0,0,0,0,0,0,0,0,0,0,0,0,0,1,0,0,0,1,1,1,0,0,1,0,0,,,,,,,,,,,,,,,,,,,,
herculaneum-italy-wall-painting-ruins-herculaneum-ercolano-near-naples-italy-herculaneum-italy-wall-painting-ruins-131084624,Herculaneum,4,2,,1,1,1,0,1,0,1,1,1,1,0,0,0,0,0,0,0,0,0,0,0,0,0,0,0,0,0,0,0,0,0,0,0,0,0,0,0,0,0,0,0,0,,,,,,,,,,,,,,,,,,,,
Hercules_and_Omphale_(House_of_Marcus_Lucretius),Stabiae,4,3,,2,1,1,1,1,1,1,1,1,1,1,1,0,0,0,0,0,0,0,0,0,1,0,0,0,0,0,0,0,0,0,0,0,1,1,0,0,0,0,0,0,1,,,,,,,,,,,,,,,,,,,,
house-golden-bracelet-wall-fresco-pompeii-naples-135522422,Pompeii,4,2,,3,1,1,1,1,1,1,1,1,1,1,2,1,,,,,,,,,,,,,,0,0,0,0,0,0,0,0,0,0,0,0,0,0,0,0,,,,,,,,,,,,,,,,,,,,
"mars-and-venus-detail-roman-wall-painting-c-10-b-c-archaeological-museum-naples,2069479",,4,1,,1,1,1,1,1,0,1,1,1,1,1,1,0,0,0,0,0,0,0,0,0,0,0,1,0,0,0,0,0,0,0,0,0,0,0,0,0,0,0,0,0,0,,,,,,,,,,,,,,,,,,,,
mars-fresco-pompeii-house-italy-venus-97528872,Pompeii,4,2,,1,1,1,1,1,1,1,1,1,1,1,1,0,0,0,0,0,0,0,0,0,0,0,0,0,0,0,0,0,0,1,0,1,0,0,0,0,0,0,0,0,1,,,,,,,,,,,,,,,,,,,,
medusa-mask-ancient-fresco-house-pompeii-pompeii-destroyed-eruption-vesuvius-bc-medusa-mask-ancient-fresco-175586292,Pompeii,3,1,,1,1,1,1,0,1,1,1,0,1,1,1,0,0,0,0,0,0,0,0,0,0,0,0,0,0,1,0,0,0,0,0,0,0,0,0,0,0,0,0,0,0,,,,,,,,,,,,,,,,,,,,
mosaic-fresco-house-pompeii-especially-ruined-partially-buried-roman-town-city-near-modern-naples-italian-56167254,Pompeii,4,5,,1,1,1,1,1,1,1,1,1,1,1,0,0,0,0,0,0,0,0,0,0,0,0,0,0,0,0,0,0,0,1,0,0,0,1,0,0,0,0,0,0,0,,,,,,,,,,,,,,,,,,,,
mosaic-roman-pompeii-houses-naples-42245784,Pompeii,4,2,,3,1,1,0,1,0,1,1,1,1,1,0,0,0,0,0,0,0,0,0,0,0,0,0,0,0,0,0,1,0,0,0,0,0,0,1,0,1,0,0,0,0,,,,,,,,,,,,,,,,,,,,
mosaic-roman-pompeii-houses-naples-42245794,Pompeii,4,1,,1,1,1,0,1,0,1,1,1,1,0,0,0,0,0,0,0,0,0,0,0,0,0,0,0,0,0,0,1,0,0,0,0,0,0,0,0,0,0,0,0,0,,,,,,,,,,,,,,,,,,,,
mosaic-roman-pompeii-houses-naples-42246086,Pompeii,4,2,,2,1,1,0,1,1,1,1,1,1,1,0,0,0,0,0,0,0,0,0,0,0,0,0,0,0,0,0,0,0,0,0,0,0,0,0,0,0,0,0,0,0,,,,,,,,,,,,,,,,,,,,
murals-walls-pompeii-8280045,Pompeii,3,3,,4,1,1,1,1,1,1,1,1,1,1,1,1,,,,,,,,,,,,,,0,0,0,0,1,0,0,1,1,1,1,0,0,0,0,0,,,,,,,,,,,,,,,,,,,,
naples-campania-italy-pompeii-was-ancient-roman-city-near-modern-naples-in-the-campania-region-of-italy-167644407,Campania,3,3,,6,1,0,0,1,0,1,1,0,1,1,2,1,,,,,,,,,,,,,,0,0,0,0,0,0,0,0,1,0,0,0,0,0,0,0,,,,,,,,,,,,,,,,,,,,
naples-campania-italy-pompeii-was-ancient-roman-city-near-modern-naples-in-the-campania-region-of-italy-167644566,Campania,2,3,,5,1,1,0,1,0,1,1,1,1,1,1,1,0,0,0,0,0,0,0,0,0,0,0,0,0,0,0,0,0,0,0,0,0,1,0,0,0,0,0,0,0,,,,,,,,,,,,,,,,,,,,
oplontis-ancient-roman-fresco-italy-43685549,Oplontis,4,4,,3,1,1,1,1,1,1,1,1,1,1,1,1,,,,,,,,,,,,,,0,0,0,0,0,0,0,0,1,1,0,1,0,0,0,0,,,,,,,,,,,,,,,,,,,,
oplontis-paintings-ancient-rpaintings-inside-roman-house-italy-41363259,Oplontis,3,4,,6,1,1,1,1,1,1,1,1,1,1,1,1,,,,,,,,,,,,,,0,0,0,0,0,1,0,0,1,1,1,1,0,0,0,0,,,,,,,,,,,,,,,,,,,,
oplontis-site-ancient-fresco-inside-archaeological-italy-41391982,Oplontis,2,4,,5,1,1,1,1,1,1,1,1,1,0,0,0,0,0,0,0,0,0,0,0,0,0,0,0,0,1,0,0,0,0,0,0,0,1,1,1,0,0,0,1,0,,,,,,,,,,,,,,,,,,,,
painting-house-pompeii-ancient-roman-town-destroyed-italy-pompeii-painting-house-pompeii-ancient-roman-town-108448725,Pompeii,3,1,,1,1,1,1,1,0,0,0,0,0,0,0,0,0,0,0,0,0,0,0,0,0,0,0,0,0,0,0,0,0,0,0,0,0,1,0,0,0,0,0,0,0,,,,,,,,,,,,,,,,,,,,
painting-wall-building-ancient-city-pompeii-177550922,Pompeii,4,2,,5,1,1,1,1,1,1,1,0,1,1,2,1,,,,,,,,,,,,,,0,1,0,0,1,0,0,0,1,0,0,0,1,1,0,0,,,,,,,,,,,,,,,,,,,,
paintings-villa-dei-misteri-restored-decorative-pompeii-italy-200185355,Pompeii,2,4,,8,1,1,1,1,1,1,1,1,1,0,0,0,0,0,0,0,0,0,0,0,0,0,0,0,0,0,0,0,0,0,0,0,0,1,1,1,1,0,1,1,0,,,,,,,,,,,,,,,,,,,,
pompei-23940019,Pompeii,4,2,,4,1,1,1,1,1,1,1,1,1,1,2,1,,,,,,,,,,,,,,0,1,0,0,0,0,0,0,1,0,0,0,0,1,0,0,,,,,,,,,,,,,,,,,,,,
pompei-italy-detail-antique-archeologial-city-55233234,Pompeii,3,2,,1,1,1,0,1,1,1,1,0,1,1,1,1,,,,,,,,,,,,,,0,0,0,0,0,0,0,0,1,0,0,0,0,0,0,0,,,,,,,,,,,,,,,,,,,,
pompei-ruins-paintings-mosaic-ancient-171301007,Pompeii,4,3,,2,1,1,0,1,1,1,1,1,1,1,0,0,0,0,0,0,0,0,0,0,0,0,0,0,0,0,0,0,0,1,0,0,0,0,0,0,0,0,0,0,0,,,,,,,,,,,,,,,,,,,,
pompei-ruins-paintings-mosaic-ancient-171301023,Pompeii,4,2,,2,1,1,1,1,0,1,1,1,1,1,2,1,,,,,,,,,,,,,,0,0,0,0,0,0,0,1,0,0,0,0,0,0,0,0,,,,,,,,,,,,,,,,,,,,
pompei-ruins-paintings-mosaic-ancient-171301092,Pompeii,3,3,,1,1,1,1,1,0,1,1,1,1,0,1,0,0,0,1,0,0,0,0,0,0,0,0,0,0,0,0,0,0,0,0,1,0,0,0,0,0,0,0,0,0,,,,,,,,,,,,,,,,,,,,
pompei-ruins-paintings-mosaic-ancient-171301128,Pompeii,3,2,,1,1,1,1,1,0,1,1,0,1,0,0,0,0,0,0,0,0,0,0,0,0,0,0,0,0,0,0,0,0,1,0,0,0,1,0,0,0,0,0,0,0,,,,,,,,,,,,,,,,,,,,
pompei-ruins-paintings-mosaic-ancient-171301257,Pompeii,2,5,,3,1,1,1,1,0,1,0,1,1,1,1,1,,,,,,,,,1,,,,,0,0,0,0,0,0,0,0,1,1,0,0,0,0,0,0,,,,,,,,,,,,,,,,,,,,
pompei-ruins-paintings-mosaic-ancient-171301287,Pompeii,3,5,,5,1,1,1,1,0,1,1,1,1,1,1,1,,,,,,,,,,,,,,0,0,0,0,0,0,0,0,1,1,0,0,0,0,0,0,,,,,,,,,,,,,,,,,,,,
Pompei59,Pompeii,4,4,,2,1,1,1,1,0,1,1,1,1,1,2,1,,,,,,,,,,,,,,0,0,0,0,1,0,0,0,1,0,0,0,0,0,0,1,,,,,,,,,,,,,,,,,,,,
pompeian-fresco-detail-pompeii-winged-griffin-red-background-pompeii-ruined-partially-buried-roman-69276466,Pompeii,4,2,,1,1,1,0,1,0,1,1,1,1,1,0,0,0,0,0,0,0,0,0,0,0,0,0,0,0,0,0,0,0,0,0,0,0,1,0,0,0,0,0,0,0,,,,,,,,,,,,,,,,,,,,
Pompeii_-_Casa_dei_Casti_Amanti_-_Banquet,Pompeii,4,2,,3,1,1,1,1,1,1,1,1,1,1,2,1,,,,,,,,,,,,,,0,1,0,0,0,0,0,0,1,1,0,0,0,0,0,0,,,,,,,,,,,,,,,,,,,,
pompeii-ancient-fresco-house-destroyed-eruption-vesuvius-bc-147500246,Pompeii,4,3,,1,1,1,1,1,0,1,1,1,1,1,1,1,,,,,,,,,,,,,,0,0,0,0,0,0,0,0,1,0,0,0,0,0,0,1,,,,,,,,,,,,,,,,,,,,
pompeii-ancient-fresco-house-destroyed-eruption-vesuvius-bc-147500436,Pompeii,4,5,,4,1,1,1,1,1,1,1,1,1,1,1,1,,,,,,,,,1,,,,,0,0,0,0,1,0,0,0,1,1,1,0,0,0,0,0,,,,,,,,,,,,,,,,,,,,
pompeii-ancient-fresco-house-destroyed-eruption-vesuvius-bc-173827936,Pompeii,4,3,,2,1,1,1,1,1,1,1,1,1,1,1,1,,,,,,,,,,,,,,0,0,0,0,0,0,0,0,0,0,0,0,0,0,0,0,,,,,,,,,,,,,,,,,,,,
pompeii-archaeological-site-naples-campania-italy-naples-campania-italy-pompeii-was-ancient-roman-city-near-167644377,Pompeii,4,3,,2,1,1,0,1,1,1,1,0,1,1,1,1,,,,,,,,,,,,,,0,0,0,0,1,0,1,0,1,0,0,0,0,0,0,0,,,,,,,,,,,,,,,,,,,,
pompeii-archaeological-site-naples-campania-italy-naples-campania-italy-pompeii-was-ancient-roman-city-near-167645273,Pompeii,4,2,,1,1,1,0,1,1,1,1,1,1,1,2,1,,,,,,,,,,,,,,0,0,0,0,0,0,0,0,1,0,0,0,0,0,0,0,,,,,,,,,,,,,,,,,,,,
Pompeii-Casts-Murals-House-Golden-Bracelet,Pompeii,4,3,,3,1,1,1,1,1,1,1,1,1,1,2,1,,,,,,,,,,,,,,0,0,1,0,1,0,1,0,0,0,0,0,0,0,0,0,,,,,,,,,,,,,,,,,,,,
pompeii-city-painted-wall-destroyed-bc-eruption-mount-vesuvius-187936634,Pompeii,2,4,,1,1,1,1,1,0,1,0,0,1,1,2,1,,,,,,,,,,,,,,0,0,0,0,0,0,0,0,1,1,0,0,0,0,0,0,,,,,,,,,,,,,,,,,,,,
pompeii-city-painted-wall-destroyed-bc-eruption-mount-vesuvius-189601697,Pompeii,4,3,,5,1,1,1,1,0,1,1,1,1,1,2,1,,,,,,,,,,,,,,0,0,0,0,1,0,0,0,1,0,0,1,1,1,0,0,,,,,,,,,,,,,,,,,,,,
pompeii-fresco-detail-color-image-fresco-ancient-city-pompeii-104417873,Pompeii,4,1,,1,1,1,1,1,0,0,0,1,1,1,0,0,0,0,0,0,0,0,0,0,0,0,0,0,0,0,0,0,0,0,0,0,1,1,0,0,0,0,0,0,0,,,,,,,,,,,,,,,,,,,,
pompeii-fresco-naples-italy-europe-51066992,Pompeii,4,4,,1,1,0,1,1,1,1,1,1,1,1,2,1,,,,,,,,,,,,,,0,0,1,0,0,0,0,0,1,1,0,0,0,0,0,0,,,,,,,,,,,,,,,,,,,,
pompeii-fresco-naples-italy-europe-68161412,Pompeii,4,3,,3,1,1,1,1,0,0,0,1,1,1,2,1,,,,,,,,,,,,,,0,0,0,0,0,0,0,0,1,0,0,0,0,0,0,0,,,,,,,,,,,,,,,,,,,,
pompeii-fresco-naples-italy-europe-68161545 (1),Pompeii,3,1,,4,1,1,0,1,0,1,1,1,1,1,2,1,,,,,,,,,,,,,,0,0,0,0,0,0,0,0,1,0,0,0,0,0,0,0,,,,,,,,,,,,,,,,,,,,
pompeii-frescoes-detail-roman-italy-49629059,Pompeii,4,6,,3,1,1,1,1,0,1,1,1,1,1,2,1,,,,,,,,,,,,,,0,0,0,0,1,0,0,0,1,1,1,0,0,0,0,0,,,,,,,,,,,,,,,,,,,,
pompeii-frescoes-detail-roman-italy-49629060,Pompeii,4,3,,1,1,1,0,1,0,1,1,1,1,1,0,0,0,0,0,0,0,0,0,0,0,0,0,0,0,0,0,0,0,0,0,0,0,1,1,0,0,0,0,0,0,,,,,,,,,,,,,,,,,,,,
pompeii-frescoes-details-roman-italy-35869335,Pompeii,4,3,,3,1,1,0,1,0,1,1,1,1,1,0,0,0,0,0,0,0,0,0,0,0,0,0,0,0,0,0,0,0,0,0,0,0,1,1,0,0,0,1,0,1,,,,,,,,,,,,,,,,,,,,
pompeii-italy-fresco-paintings-ancient-roman-walls-130989895,Pompeii,2,3,,4,1,1,1,1,0,1,0,1,0,0,0,0,0,0,0,0,0,0,0,0,0,0,0,0,0,0,0,0,0,0,0,0,0,1,1,0,0,0,0,0,0,,,,,,,,,,,,,,,,,,,,
pompeii-italy-fresco-pompeii-italy-fresco-paintings-ancient-roman-walls-114622286,Pompeii,4,2,,1,0,1,1,1,1,1,1,1,1,1,0,0,0,0,,0,0,0,0,0,0,0,0,0,0,0,0,0,0,1,0,0,1,1,0,0,0,0,0,0,0,,,,,,,,,,,,,,,,,,,,
pompeii-naples-archaeological-area-afreschi-paintings-142749582,Pompeii,4,1,,1,1,1,1,1,1,1,1,0,1,1,2,1,,,,,,,,,,,,,,0,0,0,0,0,0,0,0,0,0,0,0,0,0,0,0,,,,,,,,,,,,,,,,,,,,
pompeii-narcissus-fresco-yellow-wall-italy-narcissus-fresco-yellow-wall-house-ancient-pompeii-buried-volcanic-124926346,Pompeii,4,3,,1,1,1,1,1,1,1,1,1,1,1,1,0,0,0,0,0,0,0,0,0,0,0,0,0,0,0,0,0,0,0,0,0,0,0,0,0,0,0,1,0,0,,,,,,,,,,,,,,,,,,,,
pompeii-roman-mosaic-houses-naples-italy-77920127,Pompeii,4,4,,1,0,1,0,1,1,1,1,1,1,1,2,1,,,,,,,,,,,,,,0,0,0,0,0,0,0,0,0,1,0,0,0,0,0,0,,,,,,,,,,,,,,,,,,,,
pompeii-wall-painting-8517312,Pompeii,4,3,,1,1,1,1,1,1,1,1,1,1,1,2,1,,,,,,,,,,,,,,0,0,1,0,0,0,0,1,1,0,0,0,0,0,0,0,,,,,,,,,,,,,,,,,,,,
pompeii-wall-paintings-april-2014-15-638,Pompeii,3,4,,3,1,1,0,1,1,1,1,1,1,0,0,0,0,0,0,0,0,0,0,0,0,0,0,0,0,0,0,1,0,0,0,0,0,1,1,1,0,0,1,1,0,,,,,,,,,,,,,,,,,,,,
portrait-fresco-sappho-portrait-fresco-sappho-archaic-greek-poet-lesbos-187176558,Pompeii,4,2,,1,1,1,1,1,1,1,1,1,1,1,0,0,0,0,0,0,0,0,0,0,0,0,0,0,0,0,0,0,0,0,0,0,0,0,0,0,0,0,0,0,0,,,,,,,,,,,,,,,,,,,,
representation-country-mansion-fresco-ancient-pompeii-buried-volcanic-eruption-vesuvius-ad-121108070,Pompeii,4,2,,1,0,1,1,1,1,1,1,1,1,1,0,0,0,0,0,0,0,0,0,0,0,0,0,0,0,0,0,0,0,0,0,0,0,0,0,0,0,0,0,0,0,,,,,,,,,,,,,,,,,,,,
roman-fresco-23364628,,4,3,,1,1,1,1,1,1,1,1,1,1,0,0,0,0,0,0,0,0,0,0,0,0,0,0,0,0,0,0,1,0,1,0,1,0,1,0,0,0,0,1,0,0,,,,,,,,,,,,,,,,,,,,
roman-fresco-pompeii-colorful-ancient-town-city-near-modern-naples-italian-region-campania-which-was-36209300,Campania,2,1,,2,1,1,1,1,0,1,1,1,1,1,0,0,0,0,0,0,0,0,0,0,0,0,0,0,0,0,0,0,0,0,0,0,0,0,0,0,0,0,0,0,0,,,,,,,,,,,,,,,,,,,,
roman-frescos-pompeii-italy-world-heritage-list-details-frescos-rooms-ruined-roman-villa-ancient-roman-city-121898902,Pompeii,2,3,,3,1,1,0,1,1,1,1,1,1,1,2,1,,,,,,,,,,,,,,1,0,0,0,0,0,0,0,1,1,0,1,0,0,0,0,,,,,,,,,,,,,,,,,,,,
roman-harp-ancient-fresco-inside-villa-oplontis-italy-41363446,Oplontis,4,2,,1,1,1,1,1,0,1,1,1,1,1,2,1,,,,,,,,,,,,,,0,0,0,0,0,0,0,0,0,0,0,0,0,1,0,0,,,,,,,,,,,,,,,,,,,,
roman-mural-art-i-herculaneum-italy-herculaneum-was-ancient-city-gulf-naples-sank-like-pompeii-stabiae-148755438,Herculaneum or Stabiae,2,2,,3,1,1,1,1,0,1,1,1,1,0,0,0,0,0,0,0,0,0,0,0,0,0,0,0,0,0,0,0,0,0,0,0,0,1,0,0,1,1,0,0,0,,,,,,,,,,,,,,,,,,,,
roman-picture-ancient-fresco-inside-san-marco-villa-castellammare-di-stabia-italy-51798276,San Marco,4,5,,1,1,0,1,1,0,1,1,0,1,0,0,0,0,0,0,0,0,0,0,0,0,0,0,0,0,0,0,0,0,0,0,0,0,1,0,0,0,0,0,0,0,,,,,,,,,,,,,,,,,,,,
stylethreea,,3,2,,5,1,1,1,1,1,1,1,1,1,0,0,0,0,0,0,0,0,0,0,0,0,0,0,0,0,0,0,0,0,0,0,0,0,0,0,0,0,0,0,0,0,,,,,,,,,,,,,,,,,,,,
venus-pompeii-italy-fresco-archaeological-site-campania-77931991,Campania,4,4,,2,0,1,1,1,1,1,1,1,1,1,1,0,0,0,0,0,0,0,0,0,0,0,1,0,0,0,0,0,0,1,0,1,1,1,0,0,0,0,1,0,0,,,,,,,,,,,,,,,,,,,,
villa-arianna-fresco-anceint-roman-castellammare-di-stabia-italy-51241827,,4,3,,6,1,1,0,1,1,1,1,1,1,1,1,1,0,0,0,0,0,0,0,0,0,0,0,0,0,0,0,0,0,0,0,0,0,1,1,0,1,0,0,0,0,,,,,,,,,,,,,,,,,,,,
villa-arianna-paintings-ancient-roman-fresco-castellammare-di-stabia-italy-51410222,,2,2,,2,1,1,1,1,0,1,1,1,0,0,0,0,0,0,0,0,0,0,0,0,0,0,0,0,0,0,0,0,0,0,0,0,0,1,1,0,0,1,0,0,0,,,,,,,,,,,,,,,,,,,,
villla-oplontis-naples-april-torre-annunziata-italy-ancient-roman-fresco-represented-scene-mitology-poppea-s-villa-127447231,Oplontis,4,4,,2,1,1,0,1,1,1,1,1,1,0,0,0,0,0,0,0,0,0,0,0,0,0,0,0,0,0,0,0,0,1,0,1,0,1,0,0,0,0,0,0,0,,,,,,,,,,,,,,,,,,,,
villla-oplontis-naples-april-torre-annunziata-x-italy-ancient-roman-fresco-represented-scene-roman-mitology-poppea-x-90368047 (1),Oplontis,1,1,,3,0,0,0,0,0,1,0,0,0,0,0,0,0,0,0,0,0,0,0,0,0,0,0,0,0,0,0,0,0,0,0,0,0,0,1,0,0,0,0,0,0,,,,,,,,,,,,,,,,,,,,
villla-oplontis-naples-april-torre-annunziata-x-italy-ancient-roman-fresco-represented-scene-roman-mitology-poppea-x-90779368,Oplontis,3,3,,5,1,1,0,0,1,1,1,1,1,1,2,1,,,,,,,,,,,,,,0,0,0,0,0,0,0,0,1,0,0,0,0,0,0,0,,,,,,,,,,,,,,,,,,,,
villla-oplontis-naples-april-torre-annunziata-x-italy-ancient-roman-fresco-represented-scene-roman-mitology-poppea-x-98697370,Oplontis,2,2,,2,1,0,0,1,0,1,0,1,0,0,0,0,0,0,0,0,0,0,0,0,0,0,0,0,0,0,0,0,0,0,0,0,0,1,1,0,0,0,0,0,0,,,,,,,,,,,,,,,,,,,,
Wall-painting-of-lares-flanking-a-sacrificial-scene-led-by-a-genius-and-three-attendants,,4,3,,7,1,1,0,1,1,1,1,1,1,1,1,0,0,0,0,0,0,0,0,0,0,0,0,0,0,0,0,0,0,1,0,0,0,1,0,0,0,0,1,0,0,,,,,,,,,,,,,,,,,,,,
wall-painting-prediction-cassandra-st-century-ad-pompeii-italy-centre-predicting-downfall-troy-prian-seated-left-183135583,Pompeii,4,5,,3,1,1,1,1,0,1,1,0,1,1,2,1,,,,,,,,,,,,,,0,0,0,0,0,0,0,0,0,0,0,0,0,0,0,1,,,,,,,,,,,,,,,,,,,,
winged-amorino-ancient-fresco-figure-divinity-ancient-rome-pompeii-winged-amorino-ancient-fresco-figure-divinity-175586148,Pompeii,4,2,,2,1,1,0,1,0,1,1,1,1,0,0,0,0,0,0,0,0,0,0,0,0,0,0,0,0,0,0,0,0,1,0,0,1,1,0,0,0,0,0,0,0,,,,,,,,,,,,,,,,,,,,
winged-amorino-leads-fish-drawn-chariot-figure-divinity-ancient-rome-pompeii-winged-amorino-leads-fish-drawn-147809928,Pompeii,4,2,,1,1,1,1,1,0,1,1,1,1,0,0,0,0,0,0,0,0,0,0,0,0,0,0,0,0,0,0,0,0,1,0,0,1,1,0,0,0,0,0,0,0,,,,,,,,,,,,,,,,,,,,
winged-amorino-leads-fish-drawn-chariot-figure-divinity-ancient-rome-pompeii-winged-amorino-leads-fish-drawn-173156038,Pompeii,4,2,,1,1,1,0,1,0,1,1,0,1,0,0,0,0,0,0,0,0,0,0,0,0,0,0,0,0,0,0,0,0,1,0,0,1,1,0,0,0,0,0,0,0,,,,,,,,,,,,,,,,,,,,
winged-amorino-leads-fish-drawn-chariot-pompeii-winged-amorino-leads-fish-drawn-chariot-figure-divinity-ancient-148329632,Pompeii,4,3,,3,1,1,1,1,1,1,1,1,1,0,0,0,0,0,0,0,0,0,0,0,0,0,0,0,0,0,0,0,0,1,0,0,1,1,0,0,0,0,0,0,0,,,,,,,,,,,,,,,,,,,,
winged-cupids-fight-little-gods-ancient-rome-pompeii-was-destroyed-volcanic-eruption-vesuvius-bc-174940910,Pompeii,4,3,,3,1,1,1,1,1,1,1,1,1,1,1,1,,,,,,,,,,,,,,0,0,0,0,1,0,1,0,1,0,0,0,1,0,0,0,,,,,,,,,,,,,,,,,,,,
winged-cupids-fight-little-gods-ancient-rome-pompeii-was-destroyed-volcanic-eruption-vesuvius-bc-175519631,Pompeii,2,2,,2,1,1,1,1,1,1,1,1,1,1,1,1,,,,,,,,,,,,,,0,0,0,0,0,0,0,0,1,0,0,0,0,1,0,0,,,,,,,,,,,,,,,,,,,,
winged-cupids-fight-little-gods-ancient-rome-pompeii-was-destroyed-volcanic-eruption-vesuvius-bc-175585924,Pompeii,2,1,,1,1,1,1,1,1,1,1,1,1,1,1,1,,,,,,,,,,,,,,0,0,0,0,0,0,0,0,0,0,0,0,0,1,0,0,,,,,,,,,,,,,,,,,,,,
winged-cupids-fight-little-gods-ancient-rome-pompeii-was-destroyed-volcanic-eruption-vesuvius-bc-175586223,Pompeii,4,3,,3,1,1,1,1,1,1,1,1,1,0,0,0,0,0,0,0,0,0,0,0,0,0,0,0,0,0,0,1,0,1,0,0,0,1,0,0,1,0,0,0,0,,,,,,,,,,,,,,,,,,,,
winged-cupids-fight-little-gods-ancient-rome-pompeii-winged-cupids-fight-little-gods-ancient-rome-pompeii-pompeii-was-173828742,Pompeii,2,3,,1,1,1,0,1,1,1,1,1,1,1,2,1,,,,,,,,,,,,,,0,0,0,0,1,0,0,0,1,0,0,1,1,0,0,0,,,,,,,,,,,,,,,,,,,,
winged-cupids-fight-little-gods-ancient-rome-pompeii-winged-cupids-fight-little-gods-ancient-rome-pompeii-pompeii-was-173829438,Pompeii,2,3,,1,1,1,1,1,1,1,1,1,1,0,0,0,0,0,0,0,0,0,0,0,0,0,0,0,0,0,0,0,0,1,0,0,0,1,0,1,1,1,0,0,0,,,,,,,,,,,,,,,,,,,,
winged-cupids-fight-little-gods-ancient-rome-pompeii-winged-cupids-fight-little-gods-ancient-rome-pompeii-pompeii-was-175586104,Pompeii,4,4,,2,1,1,1,1,1,1,1,1,1,1,2,1,,,,,,,,,,,,,,0,0,1,0,0,0,0,0,1,1,1,1,0,1,0,0,,,,,,,,,,,,,,,,,,,,
"flat,750x,075,f-pad,750x1000,f8f8f8.u3",Stabiae,2,1,,1,0,1,1,1,1,1,1,1,1,1,2,1,,,,,,,,,,,,,,0,0,0,0,0,0,0,0,0,0,0,0,0,0,0,0,,,,,,,,,,,,,,,,,,,,
fresco-ekklesiasterion-pompeii-pompei-naples-italy-fresco-pompeii-pompei-187183054,Pompeii,2,3,,1,1,1,1,1,1,1,1,1,1,1,2,1,,,,,,,,,,,,,,0,0,0,0,0,0,0,0,1,0,0,0,0,0,0,0,,,,,,,,,,,,,,,,,,,,
fresco-ekklesiasterion-pompeii-pompei-naples-italy-fresco-pompeii-pompei-187183066,Pompeii,4,3,,1,0,1,0,1,1,1,1,1,1,1,1,1,0,0,0,0,0,0,0,0,0,0,0,0,0,0,0,0,0,1,1,0,0,1,1,0,1,0,1,0,0,,,,,,,,,,,,,,,,,,,,
fresco-ekklesiasterion-pompeii-pompei-naples-italy-fresco-pompeii-pompei-187182842,Pompeii,4,6,,1,0,1,1,1,1,1,1,0,1,1,1,1,,,,,,,,,,,,,,0,0,0,0,1,1,1,0,0,1,1,1,0,0,1,0,,,,,,,,,,,,,,,,,,,,
frescoes-pompeii-ruines-naples-italy-ruins-old-city-near-40923111,Pompeii,4,4,,1,1,1,1,1,1,1,1,1,1,0,1,0,0,0,1,0,0,0,0,0,0,0,0,0,0,0,0,1,0,0,0,0,0,1,1,0,1,0,0,0,0,,,,,,,,,,,,,,,,,,,,
fresco-pompeii-pompei-fresco-pompeii-pompei-naples-italy-187182924,Pompeii,4,1,,1,1,1,1,1,0,1,1,1,1,1,1,1,,,,,,,,,,,,,,0,0,0,0,0,0,0,0,0,0,0,0,0,0,0,0,,,,,,,,,,,,,,,,,,,,
fresco-pompeii-pompei-fresco-pompeii-pompei-naples-italy-187182933,Pompeii,4,4,,1,1,1,1,1,1,1,1,1,1,1,1,1,0,0,0,0,0,0,0,0,0,0,0,0,0,0,0,0,0,1,1,0,0,0,1,0,0,0,0,0,0,,,,,,,,,,,,,,,,,,,,
fresco-pompeii-pompei-fresco-pompeii-pompei-naples-italy-187182949,Pompeii,4,3,,1,1,0,1,1,1,1,1,1,1,1,1,1,0,0,0,0,0,0,0,0,0,0,0,0,0,0,0,0,0,1,1,0,0,0,1,0,0,0,0,0,0,,,,,,,,,,,,,,,,,,,,
fresco-pompeii-pompei-fresco-pompeii-pompei-naples-italy-187182951,Pompeii,2,3,,3,0,1,1,1,1,1,1,1,1,1,2,1,,,,,,,,,,,,,,0,0,0,0,0,0,0,0,0,1,0,0,0,0,0,0,,,,,,,,,,,,,,,,,,,,
fresco-pompeii-pompei-fresco-pompeii-pompei-naples-italy-187182966,Pompeii,4,3,,3,1,1,1,1,1,1,1,1,1,1,0,0,0,0,0,0,0,0,0,0,0,0,0,0,0,0,0,0,0,1,0,0,0,0,0,0,0,0,0,0,0,,,,,,,,,,,,,,,,,,,,
fresco-pompeii-pompei-fresco-pompeii-pompei-naples-italy-187182967,Pompeii,4,2,,2,1,1,1,1,1,1,1,1,1,1,1,1,,,,,,,,,,,,,,0,0,0,0,0,0,0,0,0,0,0,0,0,0,0,0,,,,,,,,,,,,,,,,,,,,
fresco-pompeii-pompei-fresco-pompeii-pompei-naples-italy-187183018,Pompeii,4,1,,3,1,1,1,1,0,1,1,1,1,1,1,1,,,,,,,,,,,,,,0,0,0,0,1,0,0,0,0,0,0,0,0,1,0,1,,,,,,,,,,,,,,,,,,,,
fresco-pompeii-ruins-italy-city-was-ancient-roman-town-city-near-modern-naples-italian-region-campania-60615390,Pompeii,1,2,,1,1,1,1,1,1,1,1,1,1,1,0,0,0,0,0,0,0,0,0,0,0,0,0,0,0,0,0,0,0,0,0,0,0,1,0,0,0,0,0,0,0,,,,,,,,,,,,,,,,,,,,
fresco-pompeii-ruins-italy-city-was-ancient-roman-town-city-near-modern-naples-italian-region-campania-60615423,Pompeii,1,2,,1,1,1,1,1,1,1,1,1,1,1,0,0,0,0,0,0,0,0,0,0,0,0,0,0,0,0,0,0,0,0,0,0,0,1,0,0,0,0,0,0,0,,,,,,,,,,,,,,,,,,,,
fresco-showing-theatre-scene-house-casca-longus-quadretti-teatrali-historic-town-pompeii-ancient-fresco-119094867,Pompeii,1,2,,1,1,1,1,1,1,1,1,1,1,1,0,0,0,0,0,0,0,0,0,0,0,0,0,0,0,0,0,0,0,0,0,0,0,1,0,0,0,0,0,0,0,,,,,,,,,,,,,,,,,,,,
fresco-temple-isis-io-isis-canopo-ekklesiasterion-pompeii-pompei-naples-italy-fresco-pompeii-pompei-187173877,Pompeii,4,3,,2,1,1,1,1,0,1,1,1,1,1,1,0,0,0,0,0,0,0,0,0,0,0,0,0,0,0,0,0,0,1,0,0,0,0,0,0,0,0,0,0,0,,,,,,,,,,,,,,,,,,,,
image027 (1),,2,2,,2,1,1,1,1,1,1,1,1,1,0,0,0,0,0,0,0,0,0,0,0,0,0,0,0,0,0,0,0,0,0,0,0,0,1,0,1,0,0,1,0,0,,,,,,,,,,,,,,,,,,,,
main-image,Boscoreale,3,3,,1,1,1,1,1,0,1,1,1,1,1,2,1,,,,,,,,,,,,,,0,0,0,0,0,0,0,0,1,0,0,0,0,0,0,0,,,,,,,,,,,,,,,,,,,,
mural-venus-26349800,Pompeii,4,3,,1,0,1,1,1,1,1,1,1,1,1,1,0,0,0,0,0,0,0,0,0,0,0,1,0,0,0,0,0,0,0,0,0,1,1,0,0,0,0,0,0,0,,,,,,,,,,,,,,,,,,,,
Pompeii_-_Battle_at_the_Amphitheatre_-_MAN,Mann,1,1,,1,1,1,0,1,0,1,1,1,1,1,0,0,0,0,0,0,0,0,0,0,0,0,0,0,0,0,0,0,0,1,0,0,0,0,0,0,0,0,0,1,0,,,,,,,,,,,,,,,,,,,,
pompeii-fresco-naples-italy-europe-68161545,Pompeii,4,3,,3,1,1,1,1,0,0,0,1,1,1,2,1,,,,,,,,,,,,,,0,0,0,0,0,0,0,0,1,0,0,0,0,0,0,0,,,,,,,,,,,,,,,,,,,,
roman-angel-ancient-fresco-house-villa-san-marco-castellammare-di-stabia-italy-51930519,,4,2,,1,1,1,1,1,0,1,1,1,1,1,0,0,0,0,0,0,0,0,0,0,0,0,0,0,0,0,0,0,0,0,0,0,0,0,0,0,0,0,0,0,0,,,,,,,,,,,,,,,,,,,,
roman-mural-art-v-pompeii-pompeii-was-ancient-city-campania-gulf-naples-which-like-herculaneum-stabiae-149402303,Pompeii,1,2,,1,1,1,1,1,1,1,1,1,1,1,0,0,0,0,0,0,0,0,0,0,0,0,0,0,0,0,0,0,0,0,0,0,0,1,0,0,0,0,0,0,0,,,,,,,,,,,,,,,,,,,,
Splendor_Roman_Wall_Painting_Pappalando_Combined-17,Pompeii,3,3,,3,1,1,1,0,1,1,1,1,1,1,1,1,0,0,0,0,0,0,0,0,0,0,0,0,0,0,0,1,1,1,0,1,0,0,0,1,0,0,1,0,0,,,,,,,,,,,,,,,,,,,,
Splendor_Roman_Wall_Painting_Villa_of_Poppea_Diaeta23_WestWall,Oplontis,2,7,,3,1,1,1,1,1,1,1,1,1,1,1,1,,,,,,,,,,,,,,0,0,1,0,0,0,0,1,1,1,1,1,0,1,1,1,,,,,,,,,,,,,,,,,,,,
stylefourb,Pompeii,4,3,,3,1,1,0,0,0,1,1,1,1,1,1,1,,,,,,,,,,,,,,0,0,0,0,1,0,0,0,1,1,1,1,1,0,0,0,,,,,,,,,,,,,,,,,,,,
unnamedunnameddsfsdfsdfsdfsdfsf,Domus Aurea,4,2,,9,1,1,1,1,1,1,1,1,1,1,1,1,,,,,,,,,,,,,,0,0,0,0,1,0,0,2,0,0,0,1,1,0,0,0,,,,,,,,,,,,,,,,,,,,
_621_1024px-Villa-dei-misteri-pannel,Pompeii,2,3,,6,1,1,1,1,1,1,1,1,1,1,1,0,0,0,0,0,0,0,0,0,0,0,0,0,1,0,1,0,1,1,0,0,0,1,1,1,0,0,0,0,0,,,,,,,,,,,,,,,,,,,,
_622_20872310539_359f444ebe_b,Rome,2,2,,2,1,1,1,1,0,1,1,0,1,1,0,0,0,0,0,0,0,0,0,0,0,0,0,0,0,0,0,0,0,0,0,0,1,1,1,1,0,0,0,0,0,,,,,,,,,,,,,,,,,,,,
_623_34210b885cd6c99c8a7732b9558d2a0aedd845d4,Boscoreale,2,4,,3,1,1,1,1,1,1,1,0,1,1,1,0,0,0,0,0,0,0,0,0,0,0,1,0,0,0,1,1,0,0,1,0,0,1,1,1,1,0,0,1,1,,,,,,,,,,,,,,,,,,,,
_620_739cf6d25d964eed62be54661102f387,Rome,3,3,,3,1,1,1,1,0,1,1,1,1,1,1,1,0,0,0,0,0,0,0,0,0,0,0,0,0,0,0,1,0,0,1,0,0,1,1,1,1,0,0,0,0,,,,,,,,,,,,,,,,,,,,
_619_93d3b9865d7175de3fd6c88a6d2abbaa74be012d,Boscoreale,2,3,,2,1,1,1,1,1,0,1,0,1,0,0,0,0,0,0,0,0,0,0,0,0,0,0,0,0,0,1,0,0,0,1,0,0,1,1,1,1,0,0,1,0,,,,,,,,,,,,,,,,,,,,
_624_b00e04fe879b16e411e65831cf206eaec43353f0,Rome,3,2,,2,1,1,0,1,1,1,0,0,1,1,1,1,0,0,0,0,0,0,0,0,0,0,0,0,0,0,0,0,0,1,1,0,0,0,1,2,1,0,1,0,0,,,,,,,,,,,,,,,,,,,,
_625_Casa_sannitica,Herculaneum,1,2,,,1,1,0,1,0,1,0,0,0,0,0,0,0,0,0,0,0,0,0,0,0,0,0,0,0,0,0,0,0,0,0,0,0,1,2,2,2,0,0,0,0,,,,,,,,,,,,,,,,,,,,
_627_Cubiculum_(bedroom)_from_the_Villa_of_P._Fannius_Synistor_at_Boscoreale_MET_DP170950,Boscoreale,2,4,,3,1,1,1,1,1,1,1,0,1,1,1,0,0,0,0,0,0,0,0,0,0,0,1,0,0,0,1,1,0,0,1,0,0,1,1,1,1,0,0,1,1,,,,,,,,,,,,,,,,,,,,
_626_e3f6c734697c5839c3ef951dca6ecfc9,Pompeii,2,3,,6,1,1,1,1,1,1,1,1,1,1,1,0,0,0,0,0,0,0,0,0,0,0,0,0,1,0,1,0,1,1,0,0,0,1,1,1,0,0,0,0,0,,,,,,,,,,,,,,,,,,,,
_628_eb2c6d3ff059216ac33b6d886a7e244c,Boscoreale,3,2,,3,0,1,0,0,0,1,1,0,0,0,0,0,0,0,0,0,0,0,0,0,0,0,0,0,0,0,1,0,0,0,0,0,0,0,1,1,1,0,0,0,0,,,,,,,,,,,,,,,,,,,,
_629_Fresco,Stabiae,2,2,,4,1,1,0,1,1,1,0,0,0,0,0,0,0,0,0,0,0,0,0,0,0,0,0,0,0,0,0,0,0,0,0,0,0,1,1,2,0,1,0,0,0,,,,,,,,,,,,,,,,,,,,
_630_hb_03,Rome,2,2,,6,1,1,0,1,1,1,1,0,1,0,1,0,0,0,0,0,0,0,0,0,0,1,0,0,0,0,1,1,1,1,0,0,0,1,1,2,1,1,1,0,0,,,,,,,,,,,,,,,,,,,,
_631_hb_20,NA,3,2,,3,0,1,0,0,0,1,1,0,0,0,0,0,0,0,0,0,0,0,0,0,0,0,0,0,0,0,1,0,0,0,0,0,0,0,1,1,1,0,0,0,0,,,,,,,,,,,,,,,,,,,,
_632_House_of_the_Faun_1,Pompeii,1,1,,,1,1,0,1,0,1,0,0,0,0,0,0,0,0,0,0,0,0,0,0,0,0,0,0,0,0,0,0,0,0,0,0,0,1,0,0,0,0,0,0,0,,,,,,,,,,,,,,,,,,,,
_633_House_of_the_Faun_2,Pompeii,1,1,,3,1,1,1,1,0,0,0,0,0,0,0,0,0,0,0,0,0,0,0,0,0,0,0,0,0,0,0,0,0,0,0,0,0,2,0,2,2,0,0,0,0,,,,,,,,,,,,,,,,,,,,
_634_House_of_the_Tragic_Poet_Amazon_Bedroom_EastWall_pg26,Pompeii,4,3,,5,1,1,1,0,1,1,0,1,1,1,1,1,0,0,0,0,0,0,0,0,0,0,0,0,0,0,0,0,0,1,0,0,1,0,1,1,1,1,1,1,0,,,,,,,,,,,,,,,,,,,,
_635_House_of_the_Tragic_Poet_NorthTriclinium_pg32,Pompeii,4,3,,5,1,1,1,1,1,1,1,1,1,1,1,1,0,0,0,0,0,0,0,0,0,0,0,0,0,0,0,0,0,1,0,0,0,0,1,1,1,1,1,0,1,,,,,,,,,,,,,,,,,,,,
_636_House_of_the_Tragic_Poet_SummerCubiculum_SouthWall_pg43,Pompeii,4,3,,3,1,1,1,1,1,1,1,1,1,1,1,0,0,0,0,0,0,0,0,0,0,0,1,0,0,1,0,0,0,1,0,1,1,0,1,1,1,1,1,1,0,,,,,,,,,,,,,,,,,,,,
_637_House_of_the_Tragic_Poet_Tabinum_EastWall_pg27,Pompeii,4,4,,5,1,1,1,1,1,1,1,1,1,1,1,1,0,0,0,0,0,0,0,0,0,0,0,0,0,0,0,0,0,0,1,1,1,0,1,1,1,1,1,1,0,,,,,,,,,,,,,,,,,,,,
_638_palatino_casa_livia_triclinio-1550x1000,Rome,2,3,,5,1,1,1,1,0,1,1,1,1,1,1,1,0,0,0,0,0,0,0,0,0,0,0,0,0,0,0,0,0,0,1,0,0,1,1,1,1,0,0,0,0,,,,,,,,,,,,,,,,,,,,
_639_Pompei__Insula_Occidentalis_Scavo_del_Principe_di_Montenegro_oecus6_pg548,Pompeii,4,4,,5,1,1,1,0,1,1,1,1,1,1,1,1,0,0,0,0,0,0,0,0,0,0,0,0,0,0,0,0,0,1,0,1,0,0,1,1,1,1,1,1,0,,,,,,,,,,,,,,,,,,,,
_640_Pompei_pitture_mosaici_INS1_25.47_Esedra10_pg255,Pompeii,4,4,,5,1,1,1,1,1,1,1,1,1,1,1,1,0,0,0,0,0,0,0,0,0,0,0,0,0,0,0,0,0,1,0,1,1,0,1,1,1,1,1,1,0,,,,,,,,,,,,,,,,,,,,
_641_Pompei_pitture_mosaici_INS1_25.47_Triclino8_pg240,Pompeii,4,3,,9,1,1,1,0,1,1,1,1,1,1,1,1,0,0,0,0,0,0,0,0,0,0,0,0,0,0,0,0,0,1,0,1,1,0,1,1,1,1,1,1,0,,,,,,,,,,,,,,,,,,,,
_642_Pompei_pitture_mosaici_INS4_31.51_Oecus17_PareteS_pg1011,Pompeii,4,5,,3,1,1,1,1,1,1,1,1,1,1,1,1,0,0,0,0,0,0,0,0,0,0,0,0,0,0,0,0,0,1,1,1,0,0,1,1,1,1,1,1,0,,,,,,,,,,,,,,,,,,,,
_643_Pompei_pitture_mosaici_INS4_31.51_Tablino27_PareteO_pg1068,Pompeii,4,3,,5,1,1,1,1,1,1,1,1,0,0,0,0,0,0,0,0,0,0,0,0,0,0,0,0,0,0,0,0,1,1,1,1,0,0,1,1,1,1,1,1,1,,,,,,,,,,,,,,,,,,,,
_644_Pompei-August-Mau-1-down,Pompeii,1,2,,4,1,1,1,0,0,0,1,0,0,0,0,0,0,0,0,0,0,0,0,0,0,0,0,0,0,0,0,0,0,0,0,0,0,1,1,2,0,0,0,0,0,,,,,,,,,,,,,,,,,,,,
_645_Pompei-August-Mau-1-up,Pompeii,1,3,,5,1,1,1,1,0,0,1,0,0,0,0,0,0,0,0,0,0,0,0,0,0,0,0,0,0,0,0,0,0,0,0,0,0,1,1,0,0,0,0,0,0,,,,,,,,,,,,,,,,,,,,
Splendor_Roman_Wall_Painting_Pappalando_Combined-10,Rome,2,3,,2,1,1,1,1,1,1,1,1,1,0,0,0,0,0,0,0,0,0,0,0,0,0,0,0,0,0,0,0,0,0,0,0,0,0,1,1,1,0,1,0,0,,,,,,,,,,,,,,,,,,,,
Splendor_Roman_Wall_Painting_Pappalando_Combined-11,Rome,3,3,,3,1,1,1,1,1,1,1,1,1,1,1,1,0,0,0,0,0,0,0,0,0,0,0,0,0,0,0,0,0,0,0,0,0,1,1,1,1,0,0,0,0,,,,,,,,,,,,,,,,,,,,
Splendor_Roman_Wall_Painting_Pappalando_Combined-12,Rome,3,3,,3,1,1,1,1,1,1,1,1,1,1,1,1,0,0,0,0,0,0,0,0,0,0,0,0,0,0,0,0,0,0,0,0,0,1,1,1,1,0,0,0,0,,,,,,,,,,,,,,,,,,,,
Splendor_Roman_Wall_Painting_Pappalando_Combined-13,Rome,3,3,,3,1,1,1,1,1,1,1,1,1,1,1,1,0,0,0,0,0,0,0,0,0,0,0,0,0,0,0,0,0,0,1,0,0,0,1,1,1,0,0,1,0,,,,,,,,,,,,,,,,,,,,
Splendor_Roman_Wall_Painting_Pappalando_Combined-14,Rome,3,3,,3,1,1,1,1,0,1,1,0,1,1,1,1,0,0,0,0,0,0,0,0,0,0,0,0,0,1,0,0,0,0,0,0,0,0,1,1,1,1,0,1,0,,,,,,,,,,,,,,,,,,,,
Splendor_Roman_Wall_Painting_Pappalando_Combined-15,Pompeii,3,3,,5,1,1,0,0,0,1,1,1,1,1,0,0,0,0,0,0,0,0,0,0,0,0,0,0,0,0,1,0,0,0,1,0,0,0,0,1,1,2,1,0,0,,,,,,,,,,,,,,,,,,,,
Splendor_Roman_Wall_Painting_Pappalando_Combined-16,Pompeii,4,4,,5,1,1,1,0,1,1,1,1,1,1,1,1,0,0,0,0,0,0,0,0,0,0,0,0,0,0,0,0,0,0,1,1,0,0,1,1,1,1,0,1,0,,,,,,,,,,,,,,,,,,,,
Splendor_Roman_Wall_Painting_Pappalando_Combined-18,Pompeii,4,3,,5,1,1,1,1,1,1,1,1,1,1,1,0,0,0,0,0,0,0,0,1,0,0,0,0,0,0,0,0,0,0,0,0,0,0,1,1,1,0,1,1,0,,,,,,,,,,,,,,,,,,,,
Splendor_Roman_Wall_Painting_Pappalando_Combined-19,Pompeii,3,3,,7,1,1,1,0,0,1,1,1,1,1,1,0,0,0,0,0,0,0,0,1,0,0,0,0,0,0,1,0,0,0,1,0,0,0,1,1,1,0,1,1,0,,,,,,,,,,,,,,,,,,,,
Splendor_Roman_Wall_Painting_Pappalando_Combined-3,Pompeii,2,3,,3,1,1,1,1,1,1,1,1,1,0,0,0,0,0,0,0,0,0,0,0,0,0,0,0,0,0,1,1,0,1,0,0,0,1,1,1,0,0,1,0,0,,,,,,,,,,,,,,,,,,,,
Splendor_Roman_Wall_Painting_Pappalando_Combined-5,Pompeii,2,2,,3,1,1,0,1,1,1,1,1,0,0,0,0,0,0,0,0,0,0,0,0,0,0,0,0,0,0,0,0,0,0,0,0,0,1,1,1,0,0,0,0,0,,,,,,,,,,,,,,,,,,,,
Splendor_Roman_Wall_Painting_Pappalando_Combined-7,Rome,2,3,,3,1,1,1,1,1,1,1,1,1,0,0,0,0,0,0,0,0,0,0,0,0,0,0,0,0,0,0,0,0,0,1,0,0,1,1,1,0,0,1,0,0,,,,,,,,,,,,,,,,,,,,
Splendor_Roman_Wall_Painting_Pappalando_Combined-8,Oplontis,3,3,,3,1,1,1,1,1,1,1,1,1,1,1,0,0,0,0,0,0,0,0,0,1,0,0,0,0,0,0,1,1,1,1,0,0,0,1,1,1,0,1,1,0,,,,,,,,,,,,,,,,,,,,
Splendor_Roman_Wall_Painting_Pappalando_Combined-9,Oplontis,2,3,,3,1,1,1,1,1,1,1,1,1,0,0,0,0,0,0,0,0,0,0,0,0,0,0,0,0,0,1,1,1,0,0,0,0,0,1,1,0,0,0,1,1,,,,,,,,,,,,,,,,,,,,
_646_the_black_room-145AAA998F66BA61670,Pompeii,3,2,,3,0,1,0,0,0,1,1,0,0,0,0,0,0,0,0,0,0,0,0,0,0,0,0,0,0,0,1,0,0,0,0,0,0,0,1,1,1,0,0,0,0,,,,,,,,,,,,,,,,,,,,
_asdjhasdaskjh_images,Britain,2,3,,1,1,1,1,1,0,1,1,1,1,0,0,0,0,0,0,0,0,0,0,0,0,0,0,0,0,1,0,0,0,1,0,0,0,1,1,0,0,1,0,0,0,,,,,,,,,,,,,,,,,,,,
"Painted_Walls_from_Lullinstone_Roman_Villa,_4th_century_AD,_British_Museum",Britain,2,2,,3,1,1,1,1,0,1,1,1,1,1,0,0,0,0,0,0,0,0,0,0,0,0,0,0,0,0,0,0,0,0,0,0,0,0,1,0,1,0,0,0,0,,,,,,,,,,,,,,,,,,,,
_ROMA_DOMUS_AUREA_01,Rome,4,2,,5,1,0,0,0,1,1,1,1,1,1,1,0,0,0,0,0,0,0,0,0,0,0,0,0,1,0,0,0,0,1,0,0,0,0,0,1,1,1,0,1,0,,,,,,,,,,,,,,,,,,,,
_ROMA_DOMUS_AUREA_02,Rome,4,2,,5,1,1,1,1,1,1,1,1,1,1,0,0,0,0,0,0,0,0,0,0,0,0,0,0,0,0,0,0,0,0,0,0,0,1,2,1,2,0,1,0,0,,,,,,,,,,,,,,,,,,,,
_ROMA_DOMUS_AUREA_03,Rome,4,2,,9,1,1,1,1,1,1,1,1,1,1,1,1,,,,,,,,,,,,,,0,0,0,0,1,0,0,2,0,0,0,1,1,0,0,0,,,,,,,,,,,,,,,,,,,,
_ROMA_DOMUS_AUREA_04,Rome,4,8,,8,1,1,1,0,1,1,1,0,1,1,1,1,,,,,,,,,,,,,,1,0,0,0,0,1,0,0,0,0,0,1,1,1,1,1,,,,,,,,,,,,,,,,,,,,
_EPHESOS_07,Ephesos,4,1,,2,1,1,1,1,0,1,1,1,1,1,0,0,0,0,0,0,0,0,0,0,0,0,0,0,0,0,0,0,0,0,0,0,0,0,0,0,0,0,0,0,0,,,,,,,,,,,,,,,,,,,,
_EPHESOS_08,Ephesos,4,1,,1,1,1,1,0,0,1,1,1,1,1,0,0,0,0,0,0,0,0,0,0,0,0,0,0,0,0,0,0,0,0,0,0,0,0,0,0,0,0,0,0,0,,,,,,,,,,,,,,,,,,,,
_EPHESOS_09,Ephesos,3,3,,7,1,1,0,0,1,1,1,1,1,1,1,1,,,,,,,,,,,,,,0,0,0,0,0,0,0,0,0,0,1,0,0,1,2,0,,,,,,,,,,,,,,,,,,,,
_EPHESOS_10,Ephesos,3,2,,3,1,1,1,0,0,1,1,1,0,1,0,0,0,0,0,0,0,0,0,0,0,0,0,0,0,0,0,0,0,0,0,0,0,1,0,0,1,1,1,0,0,,,,,,,,,,,,,,,,,,,,
_EPHESOS_11,Ephesos,4,3,,6,1,1,0,0,1,1,1,1,1,0,1,1,,,,,,,,,,,,,,0,0,0,0,0,0,0,0,1,0,1,0,1,1,0,0,,,,,,,,,,,,,,,,,,,,
_EPHESOS_12,Ephesos,4,3,,6,1,1,0,0,1,1,1,1,1,0,1,1,,,,,,,,,,,,,,0,0,0,0,0,0,0,0,1,0,1,0,1,1,0,0,,,,,,,,,,,,,,,,,,,,
_EPHESOS_06,Ephesos,3,2,,2,1,1,1,1,0,1,1,0,1,1,0,0,0,0,0,0,0,0,0,0,0,0,0,0,0,0,0,0,0,0,0,0,1,1,0,0,0,0,1,0,0,,,,,,,,,,,,,,,,,,,,
_EPHESOS_05,Ephesos,1,1,,1,1,1,0,0,0,1,1,0,1,1,0,0,0,0,0,0,0,0,0,0,0,0,0,0,0,0,0,0,0,0,0,0,0,0,0,0,0,0,0,0,0,,,,,,,,,,,,,,,,,,,,
_EPHESOS_04,Ephesos,1,2,,1,1,0,1,1,1,1,1,0,1,1,0,0,0,0,0,0,0,0,0,0,0,0,0,0,0,0,1,0,0,0,0,0,1,0,0,0,0,0,1,0,0,,,,,,,,,,,,,,,,,,,,
_EPHESOS_03,Ephesos,1,1,,1,1,1,1,1,1,1,1,0,1,1,0,0,0,0,0,0,0,0,0,0,0,0,0,0,0,0,0,0,0,0,0,0,0,0,0,0,0,0,0,0,0,,,,,,,,,,,,,,,,,,,,
_EPHESOS_01,Ephesos,3,2,,3,1,1,1,0,1,1,1,1,1,1,0,0,0,0,0,0,0,0,0,0,0,0,0,0,0,0,0,0,0,0,0,0,1,0,0,0,0,0,1,0,0,,,,,,,,,,,,,,,,,,,,
_EPHESOS_02,Ephesos,4,2,,2,1,1,0,1,1,1,1,1,1,0,0,0,0,0,0,0,0,0,0,0,0,0,0,0,0,0,0,0,0,1,0,1,0,0,0,0,0,0,1,0,0,,,,,,,,,,,,,,,,,,,,
images001,Pompeii,3,2,,2,1,1,1,1,0,1,1,1,1,0,0,0,0,0,0,0,0,0,0,0,0,0,0,0,0,0,0,0,0,0,0,0,0,1,0,0,1,0,0,0,0,,,,,,,,,,,,,,,,,,,,
images002,Rome,4,3,,3,1,1,1,1,0,0,0,1,1,1,2,0,0,0,0,1,0,0,0,0,0,0,0,0,0,0,0,0,0,0,0,0,0,0,1,0,1,0,0,0,0,,,,,,,,,,,,,,,,,,,,
images2349824,Pompeii,1,3,,2,1,1,1,1,1,1,1,1,1,1,0,0,0,0,0,0,0,0,0,0,0,0,0,0,0,0,1,0,0,0,0,0,0,0,1,0,0,0,0,0,0,,,,,,,,,,,,,,,,,,,,
download0000234,Rome,4,2,,8,1,1,0,1,1,1,1,1,1,0,0,0,0,0,0,0,0,0,0,0,0,0,0,0,0,0,0,0,0,1,0,0,0,1,0,1,1,0,1,1,0,,,,,,,,,,,,,,,,,,,,
images02234023i,Ostia,3,1,,3,1,1,0,1,0,1,1,1,1,1,0,0,0,0,0,0,0,0,0,0,0,0,0,0,0,0,0,0,0,0,0,0,0,0,1,1,0,0,0,0,0,,,,,,,,,,,,,,,,,,,,
unnamedimages02234023i,Ostia,3,2,,3,1,1,1,1,1,0,1,1,1,0,0,0,0,0,0,0,0,0,0,0,0,0,0,0,0,0,1,0,0,0,0,0,0,0,0,0,0,0,0,0,0,,,,,,,,,,,,,,,,,,,,
unnameddsfsdlkfjsdfd,Rome,3,3,,3,0,1,0,1,1,1,1,1,1,0,0,0,0,0,0,0,0,0,0,0,0,0,0,0,0,0,1,1,0,0,0,0,0,1,1,1,1,1,1,0,0,,,,,,,,,,,,,,,,,,,,
unnamedfdsjfhsdfsdk,Rome,2,5,,4,1,1,1,1,1,1,1,1,1,1,1,1,0,0,0,1,0,0,0,0,0,0,0,0,0,0,0,1,0,0,0,0,0,1,1,0,1,0,0,1,1,,,,,,,,,,,,,,,,,,,,
image021image021sdfsdfsd,Boscoreale,2,5,,5,1,1,1,1,1,1,1,1,1,0,0,1,0,0,0,0,0,0,0,0,0,0,0,0,0,0,0,1,0,0,0,0,0,0,1,0,1,0,1,1,0,,,,,,,,,,,,,,,,,,,,
image021sdfsdfsd,Boscoreale,3,2,,2,1,1,1,1,1,1,1,1,1,0,0,0,0,0,0,0,0,0,0,0,0,0,0,0,0,0,1,0,0,0,0,0,0,1,0,1,1,1,1,0,0,,,,,,,,,,,,,,,,,,,,
imagesimage025imagesdfsfsfsdsfsdfimage025imagesdfsfsfsdsfsdf,Herculaneum,4,4,,2,1,1,1,1,0,1,1,0,1,1,2,0,0,0,0,0,0,0,0,1,0,0,0,0,0,0,0,0,0,0,0,0,0,0,1,0,0,0,0,0,0,,,,,,,,,,,,,,,,,,,,
image025imagesdfsfsfsdsfsdf,Oplontis,3,5,,3,1,1,1,1,1,1,1,1,1,1,1,1,,,,,,,,,,,,,,1,0,0,0,1,1,0,0,1,1,1,0,1,1,1,0,,,,,,,,,,,,,,,,,,,,
imagesdfsfsfsdsfsdf,Oplontis,4,4,,1,1,1,1,1,1,1,1,1,1,0,0,0,0,0,0,0,0,0,0,0,0,0,0,0,0,0,0,0,0,1,0,1,0,0,0,1,0,0,0,0,0,,,,,,,,,,,,,,,,,,,,
imagesunnameddfsdfsdfsdfdsfds,Stabiae,2,2,,3,1,1,1,1,1,1,1,1,0,0,0,0,0,0,0,0,0,0,0,0,0,0,0,0,0,0,0,0,0,0,0,0,0,0,0,0,0,0,0,0,0,,,,,,,,,,,,,,,,,,,,
unnameddfsdfsdfsdfdsfds,Stabiae,2,3,,3,1,1,1,1,1,1,1,0,0,0,0,0,0,0,0,0,0,0,0,0,0,0,0,0,0,0,0,0,0,0,0,0,0,1,1,1,0,1,0,0,0,,,,,,,,,,,,,,,,,,,,
unnameddsfsdfsdfsdfsdfsf,Oplontis,2,5,,4,1,1,1,1,1,1,1,1,1,1,2,1,,,,,,,,,,,,,,0,0,0,0,0,0,0,1,1,1,1,1,0,1,1,1,,,,,,,,,,,,,,,,,,,,
62c6c49d4c4e65209f8e100269feb49d,Oplontis,2,8,,4,1,1,1,1,1,1,1,1,1,0,0,0,0,0,0,0,0,0,0,0,0,0,0,0,0,0,1,1,0,1,0,1,0,1,1,0,1,0,0,1,0,,,,,,,,,,,,,,,,,,,,
